,X,Y,Z,grade,formation,borehole
0,506.0,2201.0,-207.39999999999998,2.5411502445219534,5,1
1,506.0,2201.0,-195.8,2.541148139148295,5,1
2,506.0,2201.0,-184.2,2.54114631303818,5,1
3,506.0,2201.0,-172.60000000000002,2.5411447721690252,5,1
4,506.0,2201.0,-161.0,2.541143521505946,5,1
5,506.0,2201.0,-149.39999999999998,2.541142564969019,5,1
6,506.0,2201.0,-137.8,2.5411419054080704,5,1
7,506.0,2201.0,-126.19999999999999,2.5411415445853214,5,1
8,506.0,2201.0,-114.60000000000002,2.5411414831659997,5,1
9,506.0,2201.0,-103.0,2.541141720717071,5,1
10,506.0,2201.0,-91.39999999999998,2.541142255714011,5,1
11,506.0,2201.0,-79.80000000000001,2.541143085555543,5,1
12,506.0,2201.0,-68.19999999999999,2.541144206586112,5,1
13,374.0,1581.0,-195.8,2.539831292889914,5,2
14,374.0,1581.0,-184.2,2.5398195347845856,5,2
15,374.0,1581.0,-172.60000000000002,2.5398100530644774,5,2
16,374.0,1581.0,-161.0,2.5398028960011487,5,2
17,374.0,1581.0,-149.39999999999998,2.5397980990629234,5,2
18,374.0,1581.0,-137.8,2.5397956845332375,5,2
19,374.0,1581.0,-126.19999999999999,2.539795661283549,5,2
20,374.0,1581.0,-114.60000000000002,2.5397980247048624,5,2
21,374.0,1581.0,-103.0,2.5398027567988066,5,2
22,374.0,1581.0,-91.39999999999998,2.5398098264259232,5,2
23,374.0,1581.0,-79.80000000000001,2.53981918970573,5,2
24,550.0,1271.0,-195.8,2.538759974822972,5,3
25,550.0,1271.0,-184.2,2.5387335685972836,5,3
26,550.0,1271.0,-172.60000000000002,2.5387121789595133,5,3
27,550.0,1271.0,-161.0,2.5386959543974066,5,3
28,550.0,1271.0,-149.39999999999998,2.5386850039720565,5,3
29,550.0,1271.0,-137.8,2.538679395652374,5,3
30,550.0,1271.0,-126.19999999999999,2.5386791553421717,5,3
31,550.0,1271.0,-114.60000000000002,2.538684266625915,5,3
32,550.0,1271.0,-103.0,2.5386946712369762,5,3
33,330.0,1333.0,-195.8,2.5402701551946096,5,4
34,330.0,1333.0,-184.2,2.540262421269115,5,4
35,330.0,1333.0,-172.60000000000002,2.5402561696863977,5,4
36,330.0,1333.0,-161.0,2.5402514284637894,5,4
37,330.0,1333.0,-149.39999999999998,2.5402482182981885,5,4
38,330.0,1333.0,-137.8,2.5402465523732607,5,4
39,330.0,1333.0,-126.19999999999999,2.5402464362429655,5,4
40,418.0,2511.0,-103.0,2.5413847999809707,5,5
41,418.0,2511.0,-91.39999999999998,2.541384844455303,5,5
42,418.0,2511.0,-79.80000000000001,2.5413849269468622,5,5
43,418.0,2511.0,-68.19999999999999,2.541385047201144,5,5
44,418.0,2511.0,-56.60000000000002,2.541385204873492,5,5
45,594.0,1395.0,-161.0,2.5368338557754875,5,6
46,594.0,1395.0,-149.39999999999998,2.5368124903932756,5,6
47,594.0,1395.0,-137.8,2.5368026201256346,5,6
48,594.0,1395.0,-126.19999999999999,2.536804300651519,5,6
49,594.0,1395.0,-114.60000000000002,2.536817466119678,5,6
50,594.0,1395.0,-103.0,2.5368419312891137,5,6
51,594.0,2077.0,-207.39999999999998,2.5408256874834003,5,7
52,594.0,2077.0,-195.8,2.540820101598169,5,7
53,594.0,2077.0,-184.2,2.540815262925808,5,7
54,594.0,2077.0,-172.60000000000002,2.5408111919763106,5,7
55,594.0,2077.0,-161.0,2.540807905702742,5,7
56,594.0,2077.0,-149.39999999999998,2.5408054173516788,5,7
57,594.0,2077.0,-137.8,2.540803736349676,5,7
58,594.0,2077.0,-126.19999999999999,2.5408028682274932,5,7
59,594.0,2077.0,-114.60000000000002,2.540802814583192,5,7
60,594.0,2077.0,-103.0,2.540803573084367,5,7
61,594.0,2077.0,-91.39999999999998,2.5408051375094574,5,7
62,374.0,1767.0,-207.39999999999998,2.5402892674821533,5,8
63,374.0,1767.0,-195.8,2.5402798841696734,5,8
64,374.0,1767.0,-184.2,2.5402719607046422,5,8
65,374.0,1767.0,-172.60000000000002,2.5402655335980016,5,8
66,374.0,1767.0,-161.0,2.5402606320952095,5,8
67,374.0,1767.0,-149.39999999999998,2.5402572778934203,5,8
68,374.0,1767.0,-137.8,2.5402554849359382,5,8
69,374.0,1767.0,-126.19999999999999,2.540255259287252,5,8
70,374.0,1767.0,-114.60000000000002,2.540256599090763,5,8
71,374.0,1767.0,-103.0,2.540259494609567,5,8
72,374.0,1767.0,-91.39999999999998,2.5402639283494053,5,8
73,550.0,217.0,-184.2,2.541426148091985,5,9
74,550.0,217.0,-172.60000000000002,2.541426086851524,5,9
75,638.0,341.0,-230.6,2.5414154275836784,5,10
76,638.0,341.0,-219.0,2.541415226908619,5,10
77,638.0,341.0,-207.39999999999998,2.541415041439002,5,10
78,638.0,341.0,-195.8,2.541414871561097,5,10
79,638.0,341.0,-184.2,2.5414147176269317,5,10
80,638.0,341.0,-172.60000000000002,2.5414145799528773,5,10
81,638.0,341.0,-161.0,2.541414458818386,5,10
82,638.0,341.0,-149.39999999999998,2.541414354464887,5,10
83,638.0,341.0,-137.8,2.541414267094857,5,10
84,550.0,1147.0,-219.0,2.5397969180395257,5,11
85,550.0,1147.0,-207.39999999999998,2.539777001881225,5,11
86,550.0,1147.0,-195.8,2.5397595883420294,5,11
87,550.0,1147.0,-184.2,2.539744779026354,5,11
88,550.0,1147.0,-172.60000000000002,2.539732659945628,5,11
89,550.0,1147.0,-161.0,2.539723300430036,5,11
90,550.0,1147.0,-149.39999999999998,2.53971675225718,5,11
91,550.0,1147.0,-137.8,2.5397130490171484,5,11
92,550.0,1147.0,-126.19999999999999,2.539712205727841,5,11
93,550.0,1147.0,-114.60000000000002,2.539714218708575,5,11
94,638.0,2945.0,-137.8,2.5414343996433804,5,12
95,638.0,2945.0,-126.19999999999999,2.5414343839929106,5,12
96,638.0,2945.0,-114.60000000000002,2.541434371153928,5,12
97,638.0,2945.0,-103.0,2.5414343611438,5,12
98,638.0,2945.0,-91.39999999999998,2.5414343539747204,5,12
99,638.0,2945.0,-79.80000000000001,2.541434349653673,5,12
100,638.0,2945.0,-68.19999999999999,2.541434348182433,5,12
101,638.0,2945.0,-56.60000000000002,2.5414343495575746,5,12
102,638.0,2945.0,-45.0,2.541434353770497,5,12
103,638.0,2945.0,-33.39999999999998,2.5414343608074734,5,12
104,638.0,2945.0,-21.80000000000001,2.5414343706497147,5,12
105,462.0,589.0,-207.39999999999998,2.541345937085474,5,13
106,462.0,589.0,-195.8,2.5413453689228027,5,13
107,462.0,589.0,-184.2,2.541344871589728,5,13
108,462.0,589.0,-172.60000000000002,2.5413444463237127,5,13
109,462.0,589.0,-161.0,2.5413440941682617,5,13
110,550.0,1085.0,-230.6,2.5402029875604115,5,14
111,550.0,1085.0,-219.0,2.5401870557940853,5,14
112,550.0,1085.0,-207.39999999999998,2.5401728102255903,5,14
113,550.0,1085.0,-195.8,2.5401603259939507,5,14
114,550.0,1085.0,-184.2,2.540149669002156,5,14
115,550.0,1085.0,-172.60000000000002,2.540140895172487,5,14
116,550.0,1085.0,-161.0,2.5401340498139806,5,14
117,550.0,1085.0,-149.39999999999998,2.54012916711444,5,14
118,550.0,1085.0,-137.8,2.5401262697670615,5,14
119,550.0,1085.0,-126.19999999999999,2.540125368738902,5,14
120,506.0,1271.0,-219.0,2.539244869776482,5,15
121,506.0,1271.0,-207.39999999999998,2.539217536279993,5,15
122,506.0,1271.0,-195.8,2.539193747672353,5,15
123,506.0,1271.0,-184.2,2.539173654368016,5,15
124,506.0,1271.0,-172.60000000000002,2.539157383144283,5,15
125,506.0,1271.0,-161.0,2.539145035388627,5,15
126,506.0,1271.0,-149.39999999999998,2.5391366857009396,5,15
127,506.0,1271.0,-137.8,2.5391323808853623,5,15
128,506.0,1271.0,-126.19999999999999,2.5391321393558206,5,15
129,506.0,1271.0,-114.60000000000002,2.5391359509693134,5,15
130,506.0,1271.0,-103.0,2.5391437772892047,5,15
131,506.0,1271.0,-91.39999999999998,2.5391555522703313,5,15
132,594.0,899.0,-242.2,2.5409170945034134,5,16
133,594.0,899.0,-230.6,2.540910496440683,5,16
134,594.0,899.0,-219.0,2.5409044679978168,5,16
135,594.0,899.0,-207.39999999999998,2.5408990339943323,5,16
136,594.0,899.0,-195.8,2.54089421684196,5,16
137,594.0,899.0,-184.2,2.540890036352467,5,16
138,594.0,899.0,-172.60000000000002,2.5408865095673585,5,16
139,594.0,899.0,-161.0,2.54088365061207,5,16
140,594.0,899.0,-149.39999999999998,2.5408814705766565,5,16
141,594.0,899.0,-137.8,2.5408799774248476,5,16
142,770.0,2635.0,-161.0,2.541417774416024,5,17
143,770.0,2635.0,-149.39999999999998,2.541417633525658,5,17
144,770.0,2635.0,-137.8,2.541417508610612,5,17
145,770.0,2635.0,-126.19999999999999,2.541417399917338,5,17
146,770.0,2635.0,-114.60000000000002,2.541417307650801,5,17
147,770.0,2635.0,-103.0,2.5414172319737514,5,17
148,770.0,2635.0,-91.39999999999998,2.541417173006198,5,17
149,770.0,2635.0,-79.80000000000001,2.541417130825091,5,17
150,770.0,2325.0,-195.8,2.5413090497446147,5,18
151,770.0,2325.0,-184.2,2.541307776923688,5,18
152,770.0,2325.0,-172.60000000000002,2.541306634442878,5,18
153,770.0,2325.0,-161.0,2.5413056258356623,5,18
154,770.0,2325.0,-149.39999999999998,2.541304754142687,5,18
155,770.0,2325.0,-137.8,2.541304021892991,5,18
156,770.0,2325.0,-126.19999999999999,2.5413034310890965,5,18
157,682.0,713.0,-242.2,2.541254533150798,5,19
158,682.0,713.0,-230.6,2.541252283919396,5,19
159,682.0,713.0,-219.0,2.541250203740385,5,19
160,682.0,713.0,-207.39999999999998,2.5412482994578625,5,19
161,682.0,713.0,-195.8,2.5412465773303246,5,19
162,682.0,713.0,-184.2,2.541245042988756,5,19
163,682.0,713.0,-172.60000000000002,2.5412437013990172,5,19
164,682.0,713.0,-161.0,2.5412425568288977,5,19
165,550.0,1705.0,-195.8,2.5385533866827883,5,20
166,550.0,1705.0,-184.2,2.538524379404563,5,20
167,550.0,1705.0,-172.60000000000002,2.538500919896631,5,20
168,550.0,1705.0,-161.0,2.5384831764999487,5,20
169,550.0,1705.0,-149.39999999999998,2.5384712725565315,5,20
170,550.0,1705.0,-137.8,2.5384652844536872,5,20
171,550.0,1705.0,-126.19999999999999,2.5384652404873194,5,20
172,550.0,1705.0,-114.60000000000002,2.5384711205759483,5,20
173,550.0,1705.0,-103.0,2.5384828568300404,5,20
174,550.0,1705.0,-91.39999999999998,2.5385003349553577,5,20
175,902.0,2263.0,-195.8,2.541350599976741,5,21
176,594.0,1705.0,-184.2,2.537963291774054,5,22
177,594.0,1705.0,-172.60000000000002,2.537932146430023,5,22
178,594.0,1705.0,-161.0,2.537908606705828,5,22
179,594.0,1705.0,-149.39999999999998,2.5378928572505663,5,22
180,594.0,1705.0,-137.8,2.537885011487721,5,22
181,594.0,1705.0,-126.19999999999999,2.5378851096826436,5,22
182,594.0,1705.0,-114.60000000000002,2.537893118500276,5,22
183,462.0,1395.0,-219.0,2.53909032243217,5,23
184,462.0,1395.0,-207.39999999999998,2.5390617610530635,5,23
185,462.0,1395.0,-195.8,2.5390369661895855,5,23
186,462.0,1395.0,-184.2,2.5390160940505706,5,23
187,462.0,1395.0,-172.60000000000002,2.538999275982649,5,23
188,462.0,1395.0,-161.0,2.538986616663406,5,23
189,462.0,1395.0,-149.39999999999998,2.5389781926634654,5,23
190,462.0,1395.0,-137.8,2.538974051412401,5,23
191,462.0,1395.0,-126.19999999999999,2.5389742105936977,5,23
192,462.0,1395.0,-114.60000000000002,2.538978657982678,5,23
193,462.0,1395.0,-103.0,2.5389873517300723,5,23
194,462.0,1395.0,-91.39999999999998,2.5390002210824227,5,23
195,462.0,1395.0,-79.80000000000001,2.539017167519098,5,23
196,462.0,1395.0,-68.19999999999999,2.5390380662756393,5,23
197,814.0,589.0,-219.0,2.5413748505766383,5,24
198,814.0,589.0,-207.39999999999998,2.5413740008917607,5,24
199,814.0,589.0,-195.8,2.5413732076820135,5,24
200,814.0,2573.0,-172.60000000000002,2.5414135302659573,5,25
201,814.0,2573.0,-161.0,2.5414132999157455,5,25
202,814.0,2573.0,-149.39999999999998,2.5414130901277363,5,25
203,814.0,2573.0,-137.8,2.541412901359631,5,25
204,814.0,2573.0,-126.19999999999999,2.541412734010598,5,25
205,814.0,2573.0,-114.60000000000002,2.541412588419628,5,25
206,1694.0,3007.0,-242.2,2.5414433016931564,5,26
207,858.0,93.0,-161.0,2.5414365893651807,5,27
208,858.0,93.0,-149.39999999999998,2.5414365579560183,5,27
209,858.0,93.0,-137.8,2.5414365283784734,5,27
210,858.0,93.0,-126.19999999999999,2.5414365006796764,5,27
211,858.0,93.0,-114.60000000000002,2.5414364749028797,5,27
212,858.0,93.0,-103.0,2.5414364510873186,5,27
213,858.0,93.0,-91.39999999999998,2.541436429268105,5,27
214,858.0,93.0,-79.80000000000001,2.5414364094761344,5,27
215,462.0,2821.0,-137.8,2.541428408770377,5,28
216,462.0,2821.0,-126.19999999999999,2.541428389660845,5,28
217,462.0,2821.0,-114.60000000000002,2.5414283767917003,5,28
218,462.0,2821.0,-103.0,2.5414283701788136,5,28
219,462.0,2821.0,-91.39999999999998,2.5414283698261846,5,28
220,462.0,2821.0,-79.80000000000001,2.5414283757259555,5,28
221,462.0,2821.0,-68.19999999999999,2.5414283878584625,5,28
222,462.0,2821.0,-56.60000000000002,2.5414284061923307,5,28
223,462.0,2821.0,-45.0,2.5414284306846087,5,28
224,462.0,2821.0,-33.39999999999998,2.541428461280948,5,28
225,330.0,1643.0,-195.8,2.5402279655698243,5,29
226,330.0,1643.0,-184.2,2.540219895966124,5,29
227,330.0,1643.0,-172.60000000000002,2.540213377027096,5,29
228,330.0,1643.0,-161.0,2.540208438309316,5,29
229,330.0,1643.0,-149.39999999999998,2.540205101624709,5,29
230,330.0,1643.0,-137.8,2.5402033808346625,5,29
231,330.0,1643.0,-126.19999999999999,2.5402032817259754,5,29
232,418.0,1643.0,-219.0,2.5396341979821235,5,30
233,418.0,1643.0,-207.39999999999998,2.5396144799570184,5,30
234,418.0,1643.0,-195.8,2.539597367895271,5,30
235,418.0,1643.0,-184.2,2.5395829566942103,5,30
236,418.0,1643.0,-172.60000000000002,2.5395713260766337,5,30
237,418.0,1643.0,-161.0,2.539562539640447,5,30
238,418.0,1643.0,-149.39999999999998,2.539556644103045,5,30
239,418.0,1643.0,-137.8,2.539553668756529,5,30
240,418.0,1643.0,-126.19999999999999,2.5395536251446837,5,30
241,418.0,1643.0,-114.60000000000002,2.539556506968451,5,30
242,418.0,1643.0,-103.0,2.5395622902209656,5,30
243,418.0,1643.0,-91.39999999999998,2.539570933548618,5,30
244,418.0,1643.0,-79.80000000000001,2.53958237882931,5,30
245,418.0,1643.0,-68.19999999999999,2.539596551954657,5,30
246,418.0,1643.0,-56.60000000000002,2.539613363798521,5,30
247,462.0,651.0,-207.39999999999998,2.541310975177456,5,31
248,462.0,651.0,-195.8,2.541310167643538,5,31
249,462.0,651.0,-184.2,2.5413094632869644,5,31
250,462.0,651.0,-172.60000000000002,2.541308863981553,5,31
251,462.0,651.0,-161.0,2.5413083712989533,5,31
252,418.0,2015.0,-195.8,2.540864565090758,5,32
253,418.0,2015.0,-184.2,2.5408609553140478,5,32
254,418.0,2015.0,-172.60000000000002,2.5408579774555458,5,32
255,418.0,2015.0,-161.0,2.540855642638625,5,32
256,418.0,2015.0,-149.39999999999998,2.540853959342395,5,32
257,418.0,2015.0,-137.8,2.5408529333374017,5,32
258,418.0,2015.0,-126.19999999999999,2.540852567644273,5,32
259,418.0,2015.0,-114.60000000000002,2.5408528625157993,5,32
260,418.0,2015.0,-103.0,2.540853815442663,5,32
261,418.0,2015.0,-91.39999999999998,2.5408554211825756,5,32
262,418.0,2015.0,-79.80000000000001,2.540857671812434,5,32
263,594.0,1147.0,-219.0,2.539585955389405,5,33
264,594.0,1147.0,-207.39999999999998,2.539561484095504,5,33
265,594.0,1147.0,-195.8,2.539540047486125,5,33
266,594.0,1147.0,-184.2,2.5395217815507296,5,33
267,594.0,1147.0,-172.60000000000002,2.5395068016461537,5,33
268,594.0,1147.0,-161.0,2.5394952008918517,5,33
269,594.0,1147.0,-149.39999999999998,2.539487048882967,5,33
270,594.0,1147.0,-137.8,2.5394823907528665,5,33
271,462.0,961.0,-230.6,2.540871080348737,5,34
272,462.0,961.0,-219.0,2.5408653718666563,5,34
273,462.0,961.0,-207.39999999999998,2.540860268767898,5,34
274,462.0,961.0,-195.8,2.540855791022635,5,34
275,462.0,961.0,-184.2,2.5408519561245293,5,34
276,462.0,961.0,-172.60000000000002,2.540848778949332,5,34
277,462.0,961.0,-161.0,2.5408462716350133,5,34
278,462.0,961.0,-149.39999999999998,2.5408444434849295,5,34
279,462.0,961.0,-137.8,2.5408433008955016,5,34
280,462.0,961.0,-126.19999999999999,2.5408428473092823,5,34
281,726.0,1085.0,-219.0,2.5398351731601547,5,35
282,726.0,1085.0,-207.39999999999998,2.5398095058061463,5,35
283,726.0,1085.0,-195.8,2.539786722401078,5,35
284,946.0,279.0,-184.2,2.5414365823907703,5,36
285,946.0,279.0,-172.60000000000002,2.5414364840358,5,36
286,594.0,217.0,-195.8,2.5414265790896793,5,37
287,594.0,217.0,-184.2,2.5414265070569693,5,37
288,594.0,217.0,-172.60000000000002,2.5414264426239295,5,37
289,594.0,217.0,-161.0,2.5414263859064374,5,37
290,462.0,1085.0,-242.2,2.5404880725538703,5,38
291,462.0,1085.0,-230.6,2.540476195040772,5,38
292,462.0,1085.0,-219.0,2.540465436625418,5,38
293,462.0,1085.0,-207.39999999999998,2.540455846484532,5,38
294,462.0,1085.0,-195.8,2.540447468656261,5,38
295,462.0,1085.0,-184.2,2.5404403416172836,5,38
296,462.0,1085.0,-172.60000000000002,2.540434497911096,5,38
297,462.0,1085.0,-161.0,2.540429963833596,5,38
298,462.0,1085.0,-149.39999999999998,2.5404267591812317,5,38
299,462.0,1085.0,-137.8,2.540424897065892,5,38
300,462.0,1085.0,-126.19999999999999,2.5404243837995604,5,38
301,462.0,1085.0,-114.60000000000002,2.5404252188505367,5,38
302,462.0,1085.0,-103.0,2.54042739487172,5,38
303,1738.0,3007.0,-265.4,2.5414431178356605,5,39
304,1738.0,3007.0,-253.79999999999998,2.5414431253898866,5,39
305,506.0,775.0,-230.6,2.5411878647906367,5,40
306,506.0,775.0,-219.0,2.5411855688292273,5,40
307,506.0,775.0,-207.39999999999998,2.5411835010388715,5,40
308,506.0,775.0,-195.8,2.5411816680621095,5,40
309,506.0,775.0,-184.2,2.5411800757661256,5,40
310,506.0,775.0,-172.60000000000002,2.541178729204664,5,40
311,506.0,775.0,-161.0,2.541177632585411,5,40
312,506.0,775.0,-149.39999999999998,2.5411767892432007,5,40
313,506.0,775.0,-137.8,2.5411762016192774,5,40
314,770.0,2573.0,-161.0,2.541408381321201,5,41
315,770.0,2573.0,-149.39999999999998,2.5414081795553303,5,41
316,770.0,2573.0,-137.8,2.5414080021019,5,41
317,770.0,2573.0,-126.19999999999999,2.5414078493320766,5,41
318,770.0,2573.0,-114.60000000000002,2.541407721549388,5,41
319,770.0,2573.0,-103.0,2.541407618988582,5,41
320,770.0,2573.0,-91.39999999999998,2.541407541814829,5,41
321,418.0,2759.0,-103.0,2.5414243569555506,5,42
322,418.0,2759.0,-91.39999999999998,2.541424360591651,5,42
323,418.0,2759.0,-79.80000000000001,2.5414243729492014,5,42
324,418.0,2759.0,-68.19999999999999,2.5414243939930574,5,42
325,418.0,2759.0,-56.60000000000002,2.5414244236712573,5,42
326,418.0,2759.0,-45.0,2.541424461915242,5,42
327,770.0,2449.0,-184.2,2.5413762747738633,5,43
328,770.0,2449.0,-172.60000000000002,2.541375746402297,5,43
329,770.0,2449.0,-161.0,2.541375273153544,5,43
330,770.0,2449.0,-149.39999999999998,2.541374856239525,5,43
331,770.0,2449.0,-137.8,2.5413744966955005,5,43
332,770.0,2449.0,-126.19999999999999,2.5413741953749684,5,43
333,770.0,2449.0,-114.60000000000002,2.541373952945659,5,43
334,462.0,899.0,-230.6,2.541011728901538,5,44
335,462.0,899.0,-219.0,2.54100764744098,5,44
336,462.0,899.0,-207.39999999999998,2.541003992758825,5,44
337,462.0,899.0,-195.8,2.54100077806776,5,44
338,462.0,899.0,-184.2,2.5409980149622657,5,44
339,462.0,899.0,-172.60000000000002,2.5409957133328414,5,44
340,462.0,899.0,-161.0,2.5409938812930952,5,44
341,462.0,899.0,-149.39999999999998,2.5409925251206165,5,44
342,462.0,899.0,-137.8,2.5409916492124007,5,44
343,462.0,899.0,-126.19999999999999,2.540991256055258,5,44
344,726.0,465.0,-230.6,2.5413978467284513,5,45
345,726.0,465.0,-219.0,2.5413974133190806,5,45
346,726.0,465.0,-207.39999999999998,2.541397010110305,5,45
347,726.0,465.0,-195.8,2.5413966380755357,5,45
348,726.0,465.0,-184.2,2.541396298108057,5,45
349,726.0,465.0,-172.60000000000002,2.5413959910168016,5,45
350,726.0,465.0,-161.0,2.541395717522539,5,45
351,726.0,465.0,-149.39999999999998,2.5413954782545334,5,45
352,726.0,465.0,-137.8,2.541395273747687,5,45
353,770.0,279.0,-219.0,2.5414268266664624,5,46
354,770.0,279.0,-207.39999999999998,2.5414266985493668,5,46
355,770.0,279.0,-195.8,2.541426578430949,5,46
356,770.0,279.0,-184.2,2.5414264665495447,5,46
357,770.0,279.0,-172.60000000000002,2.5414263631254603,5,46
358,770.0,279.0,-161.0,2.5414262683601287,5,46
359,770.0,279.0,-149.39999999999998,2.541426182435351,5,46
360,770.0,279.0,-137.8,2.541426105512629,5,46
361,770.0,279.0,-126.19999999999999,2.5414260377325713,5,46
362,770.0,279.0,-114.60000000000002,2.541425979214407,5,46
363,770.0,279.0,-103.0,2.541425930055588,5,46
364,682.0,155.0,-195.8,2.541431412522562,5,47
365,682.0,155.0,-184.2,2.541431359336211,5,47
366,682.0,155.0,-172.60000000000002,2.5414313108121145,5,47
367,682.0,155.0,-161.0,2.5414312670342114,5,47
368,682.0,155.0,-149.39999999999998,2.541431228077132,5,47
369,682.0,155.0,-137.8,2.5414311940059564,5,47
370,682.0,155.0,-126.19999999999999,2.5414311648760033,5,47
371,682.0,155.0,-114.60000000000002,2.5414311407326693,5,47
372,682.0,155.0,-103.0,2.541431121611286,5,47
373,682.0,155.0,-91.39999999999998,2.541431107537035,5,47
374,594.0,1209.0,-207.39999999999998,2.5389799693308657,5,48
375,594.0,1209.0,-195.8,2.53894987435848,5,48
376,594.0,1209.0,-184.2,2.5389243265998327,5,48
377,594.0,1209.0,-172.60000000000002,2.5389035069024,5,48
378,594.0,1209.0,-161.0,2.5388875605609242,5,48
379,594.0,1209.0,-149.39999999999998,2.538876595034724,5,48
380,594.0,1209.0,-137.8,2.5388706782974184,5,48
381,594.0,1209.0,-126.19999999999999,2.5388698378651564,5,48
382,682.0,279.0,-230.6,2.541423614044548,5,49
383,682.0,279.0,-219.0,2.541423474581703,5,49
384,682.0,279.0,-207.39999999999998,2.5414233447524035,5,49
385,682.0,279.0,-195.8,2.541423224813336,5,49
386,682.0,279.0,-184.2,2.541423115000461,5,49
387,682.0,279.0,-172.60000000000002,2.5414230155281103,5,49
388,682.0,279.0,-161.0,2.541422926588182,5,49
389,682.0,279.0,-149.39999999999998,2.5414228483494243,5,49
390,682.0,279.0,-137.8,2.541422780956824,5,49
391,682.0,279.0,-126.19999999999999,2.5414227245310794,5,49
392,682.0,279.0,-114.60000000000002,2.541422679168198,5,49
393,594.0,1023.0,-230.6,2.5404333194939763,5,50
394,594.0,1023.0,-219.0,2.5404202791802306,5,50
395,594.0,1023.0,-207.39999999999998,2.5404085744807663,5,50
396,594.0,1023.0,-195.8,2.5403982647581134,5,50
397,594.0,1023.0,-184.2,2.5403894022732945,5,50
398,594.0,1023.0,-172.60000000000002,2.540382031619771,5,50
399,594.0,1023.0,-161.0,2.5403761892409564,5,50
400,594.0,1023.0,-149.39999999999998,2.5403719030401564,5,50
401,594.0,1023.0,-137.8,2.5403691920904894,5,50
402,638.0,1643.0,-172.60000000000002,2.536353779592051,5,51
403,638.0,1643.0,-161.0,2.536313418039429,5,51
404,638.0,1643.0,-149.39999999999998,2.536286996951408,5,51
405,638.0,1643.0,-137.8,2.5362747579013813,5,51
406,682.0,2015.0,-207.39999999999998,2.5405268499915232,5,52
407,682.0,2015.0,-195.8,2.540516551182841,5,52
408,682.0,2015.0,-184.2,2.5405075909997037,5,52
409,682.0,2015.0,-172.60000000000002,2.5405000159600277,5,52
410,682.0,2015.0,-161.0,2.5404938646126514,5,52
411,682.0,2015.0,-149.39999999999998,2.540489167109212,5,52
412,682.0,2015.0,-137.8,2.540485944880049,5,52
413,374.0,1643.0,-207.39999999999998,2.539957066739177,5,53
414,374.0,1643.0,-195.8,2.539944287131092,5,53
415,374.0,1643.0,-184.2,2.5399335256691864,5,53
416,374.0,1643.0,-172.60000000000002,2.539924836373401,5,53
417,374.0,1643.0,-161.0,2.5399182623548167,5,53
418,374.0,1643.0,-149.39999999999998,2.539913835356663,5,53
419,374.0,1643.0,-137.8,2.5399115754226376,5,53
420,374.0,1643.0,-126.19999999999999,2.539911490698597,5,53
421,374.0,1643.0,-114.60000000000002,2.5399135773711667,5,53
422,374.0,1643.0,-103.0,2.5399178197440655,5,53
423,374.0,1643.0,-91.39999999999998,2.539924190450168,5,53
424,374.0,1643.0,-79.80000000000001,2.5399326507947886,5,53
425,902.0,2883.0,-137.8,2.541437141932502,5,54
426,902.0,2883.0,-126.19999999999999,2.5414371085981466,5,54
427,902.0,2883.0,-114.60000000000002,2.5414370769375925,5,54
428,902.0,2883.0,-103.0,2.5414370470005316,5,54
429,902.0,2883.0,-91.39999999999998,2.5414370188327715,5,54
430,418.0,1829.0,-219.0,2.540300495379071,5,55
431,418.0,1829.0,-207.39999999999998,2.540289328490403,5,55
432,418.0,1829.0,-195.8,2.5402796068799645,5,55
433,418.0,1829.0,-184.2,2.540271376485776,5,55
434,418.0,1829.0,-172.60000000000002,2.5402646760166885,5,55
435,418.0,1829.0,-161.0,2.540259536566554,5,55
436,418.0,1829.0,-149.39999999999998,2.540255981306452,5,55
437,418.0,1829.0,-137.8,2.5402540252603165,5,55
438,418.0,1829.0,-126.19999999999999,2.540253675167695,5,55
439,418.0,1829.0,-114.60000000000002,2.5402549294359407,5,55
440,418.0,1829.0,-103.0,2.5402577781823332,5,55
441,418.0,1829.0,-91.39999999999998,2.5402622033651157,5,55
442,418.0,1829.0,-79.80000000000001,2.540268179000681,5,55
443,1606.0,3069.0,-230.6,2.541442465250264,5,56
444,462.0,2325.0,-161.0,2.5412913334652587,5,57
445,462.0,2325.0,-149.39999999999998,2.5412908974890924,5,57
446,462.0,2325.0,-137.8,2.5412905874346436,5,57
447,462.0,2325.0,-126.19999999999999,2.541290404016876,5,57
448,462.0,2325.0,-114.60000000000002,2.5412903475654467,5,57
449,462.0,2325.0,-103.0,2.541290418023769,5,57
450,462.0,2325.0,-91.39999999999998,2.5412906149504217,5,57
451,462.0,2325.0,-79.80000000000001,2.5412909375228185,5,57
452,462.0,2325.0,-68.19999999999999,2.5412913845431375,5,57
453,462.0,2325.0,-56.60000000000002,2.5412919544464296,5,57
454,726.0,2015.0,-207.39999999999998,2.5405387736533163,5,58
455,726.0,2015.0,-195.8,2.5405276332139524,5,58
456,726.0,2015.0,-184.2,2.540517877303138,5,58
457,726.0,2015.0,-172.60000000000002,2.5405095587673183,5,58
458,726.0,2015.0,-161.0,2.5405027217154146,5,58
459,418.0,1023.0,-219.0,2.5407776414514522,5,59
460,418.0,1023.0,-207.39999999999998,2.54077182758258,5,59
461,418.0,1023.0,-195.8,2.5407667448869344,5,59
462,418.0,1023.0,-184.2,2.5407624136532747,5,59
463,418.0,1023.0,-172.60000000000002,2.540758851061267,5,59
464,418.0,1023.0,-161.0,2.540756071039723,5,59
465,418.0,1023.0,-149.39999999999998,2.5407540841527383,5,59
466,418.0,1023.0,-137.8,2.540752897515376,5,59
467,418.0,1023.0,-126.19999999999999,2.540752514740049,5,59
468,814.0,527.0,-219.0,2.541394753757269,5,60
469,814.0,527.0,-207.39999999999998,2.5413941809370555,5,60
470,814.0,527.0,-195.8,2.5413936445090735,5,60
471,814.0,527.0,-184.2,2.54139314587367,5,60
472,814.0,527.0,-219.0,2.541394753757269,5,61
473,814.0,527.0,-207.39999999999998,2.5413941809370555,5,61
474,814.0,527.0,-195.8,2.5413936445090735,5,61
475,814.0,527.0,-184.2,2.54139314587367,5,61
476,682.0,2387.0,-184.2,2.541330038110837,5,62
477,682.0,2387.0,-172.60000000000002,2.5413293125311065,5,62
478,682.0,2387.0,-161.0,2.54132868502825,5,62
479,682.0,2387.0,-149.39999999999998,2.541328157301866,5,62
480,682.0,2387.0,-137.8,2.5413277307280047,5,62
481,682.0,2387.0,-126.19999999999999,2.541327406351993,5,62
482,682.0,2387.0,-114.60000000000002,2.541327184883363,5,62
483,682.0,2387.0,-103.0,2.5413270666929875,5,62
484,682.0,2387.0,-91.39999999999998,2.541327051812393,5,62
485,682.0,2387.0,-79.80000000000001,2.541327139935303,5,62
486,550.0,1209.0,-207.39999999999998,2.5393084945313547,5,63
487,550.0,1209.0,-195.8,2.5392847731092663,5,63
488,550.0,1209.0,-184.2,2.539264665596786,5,63
489,550.0,1209.0,-172.60000000000002,2.5392483009160856,5,63
490,550.0,1209.0,-161.0,2.539235782543607,5,63
491,550.0,1209.0,-149.39999999999998,2.539227187056595,5,63
492,550.0,1209.0,-137.8,2.539222563081279,5,63
493,550.0,1209.0,-126.19999999999999,2.539221930668326,5,63
494,550.0,1209.0,-114.60000000000002,2.539225281110579,5,63
495,550.0,2139.0,-219.0,2.541021801181634,5,64
496,550.0,2139.0,-207.39999999999998,2.5410179495653864,5,64
497,550.0,2139.0,-195.8,2.5410145393958654,5,64
498,550.0,2139.0,-184.2,2.541011583389973,5,64
499,550.0,2139.0,-172.60000000000002,2.5410090924765525,5,64
500,550.0,2139.0,-161.0,2.5410070757126535,5,64
501,550.0,2139.0,-149.39999999999998,2.5410055402150262,5,64
502,550.0,2139.0,-137.8,2.5410044911077803,5,64
503,550.0,2139.0,-126.19999999999999,2.5410039314867805,5,64
504,550.0,2139.0,-114.60000000000002,2.5410038624013147,5,64
505,550.0,2139.0,-103.0,2.5410042828530814,5,64
506,550.0,2139.0,-91.39999999999998,2.541005189812582,5,64
507,550.0,2139.0,-79.80000000000001,2.541006578252456,5,64
508,550.0,2139.0,-68.19999999999999,2.54100844119734,5,64
509,638.0,3069.0,-137.8,2.5414369633580085,5,65
510,638.0,3069.0,-126.19999999999999,2.541436955237597,5,65
511,638.0,3069.0,-114.60000000000002,2.5414369484212895,5,65
512,638.0,3069.0,-103.0,2.5414369429177333,5,65
513,638.0,3069.0,-91.39999999999998,2.5414369387333893,5,65
514,638.0,3069.0,-79.80000000000001,2.5414369358725164,5,65
515,638.0,3069.0,-68.19999999999999,2.5414369343371668,5,65
516,638.0,3069.0,-56.60000000000002,2.541436934127186,5,65
517,638.0,3069.0,-45.0,2.5414369352402195,5,65
518,638.0,3069.0,-33.39999999999998,2.5414369376717296,5,65
519,638.0,3069.0,-21.80000000000001,2.54143694141501,5,65
520,638.0,775.0,-242.2,2.5411694843254513,5,66
521,638.0,775.0,-230.6,2.5411662527561676,5,66
522,638.0,775.0,-219.0,2.5411632813573957,5,66
523,638.0,775.0,-207.39999999999998,2.541160580593035,5,66
524,638.0,775.0,-195.8,2.541158159971715,5,66
525,638.0,775.0,-184.2,2.5411560279782055,5,66
526,638.0,775.0,-172.60000000000002,2.5411541920122787,5,66
527,638.0,775.0,-161.0,2.541152658335698,5,66
528,638.0,775.0,-149.39999999999998,2.5411514320280517,5,66
529,418.0,1767.0,-230.6,2.5400831439126783,5,67
530,418.0,1767.0,-219.0,2.540067354722289,5,67
531,418.0,1767.0,-207.39999999999998,2.5400533269324628,5,67
532,418.0,1767.0,-195.8,2.540041130975188,5,67
533,418.0,1767.0,-184.2,2.540030828209467,5,67
534,418.0,1767.0,-172.60000000000002,2.5400224702670218,5,67
535,418.0,1767.0,-161.0,2.5400160985002813,5,67
536,418.0,1767.0,-149.39999999999998,2.540011743542787,5,67
537,418.0,1767.0,-137.8,2.54000942499019,5,67
538,418.0,1767.0,-126.19999999999999,2.5400091512077605,5,67
539,418.0,1767.0,-114.60000000000002,2.5400109192676776,5,67
540,418.0,1767.0,-103.0,2.540014715016955,5,67
541,418.0,1767.0,-91.39999999999998,2.5400205132742344,5,67
542,418.0,1767.0,-79.80000000000001,2.5400282781510852,5,67
543,462.0,2573.0,-126.19999999999999,2.541398187588933,5,68
544,462.0,2573.0,-114.60000000000002,2.5413981531640797,5,68
545,462.0,2573.0,-103.0,2.5413981468199816,5,68
546,462.0,2573.0,-91.39999999999998,2.541398168528054,5,68
547,462.0,2573.0,-79.80000000000001,2.5413982181939545,5,68
548,462.0,2573.0,-68.19999999999999,2.541398295658155,5,68
549,462.0,2573.0,-56.60000000000002,2.5413984006968144,5,68
550,462.0,2573.0,-45.0,2.5413985330229347,5,68
551,594.0,651.0,-253.79999999999998,2.5413042563402213,5,69
552,594.0,651.0,-242.2,2.5413027518611604,5,69
553,594.0,651.0,-230.6,2.541301355268028,5,69
554,594.0,651.0,-219.0,2.5413000706082314,5,69
555,594.0,651.0,-207.39999999999998,2.5412989016109853,5,69
556,594.0,651.0,-195.8,2.541297851665691,5,69
557,594.0,651.0,-184.2,2.5412969238022405,5,69
558,594.0,651.0,-172.60000000000002,2.5412961206734583,5,69
559,594.0,651.0,-161.0,2.5412954445398346,5,69
560,594.0,651.0,-149.39999999999998,2.541294897256684,5,69
561,594.0,651.0,-137.8,2.5412944802638844,5,69
562,550.0,1829.0,-207.39999999999998,2.5396034771206497,5,70
563,550.0,1829.0,-195.8,2.539583784886141,5,70
564,550.0,1829.0,-184.2,2.539567060002243,5,70
565,550.0,1829.0,-172.60000000000002,2.539553403448741,5,70
566,550.0,1829.0,-161.0,2.5395428964776388,5,70
567,550.0,1829.0,-149.39999999999998,2.5395355995464213,5,70
568,550.0,1829.0,-137.8,2.5395315515428836,5,70
569,550.0,1829.0,-126.19999999999999,2.5395307693195823,5,70
570,550.0,1829.0,-114.60000000000002,2.5395332475475914,5,70
571,550.0,1829.0,-103.0,2.5395389588920567,5,70
572,550.0,1829.0,-91.39999999999998,2.5395478545034536,5,70
573,858.0,2635.0,-161.0,2.541425251191936,5,71
574,858.0,2635.0,-149.39999999999998,2.5414251010052302,5,71
575,858.0,2635.0,-137.8,2.5414249619599683,5,71
576,858.0,2635.0,-126.19999999999999,2.5414248343354995,5,71
577,506.0,651.0,-219.0,2.5413057063064532,5,72
578,506.0,651.0,-207.39999999999998,2.5413047046171777,5,72
579,506.0,651.0,-195.8,2.5413038116528384,5,72
580,506.0,651.0,-184.2,2.5413030298721218,5,72
581,506.0,651.0,-172.60000000000002,2.541302361409211,5,72
582,506.0,651.0,-161.0,2.541301808062139,5,72
583,506.0,651.0,-149.39999999999998,2.5413013712831103,5,72
584,858.0,2821.0,-137.8,2.5414345928288706,5,73
585,858.0,2821.0,-126.19999999999999,2.5414345480393896,5,73
586,858.0,2821.0,-114.60000000000002,2.5414345066152046,5,73
587,858.0,2821.0,-103.0,2.541434468623386,5,73
588,858.0,2821.0,-91.39999999999998,2.541434434123207,5,73
589,858.0,2821.0,-79.80000000000001,2.541434403165982,5,73
590,638.0,2697.0,-149.39999999999998,2.5414191692052563,5,74
591,638.0,2697.0,-137.8,2.541419098167571,5,74
592,638.0,2697.0,-126.19999999999999,2.5414190405468435,5,74
593,638.0,2697.0,-114.60000000000002,2.5414189964409193,5,74
594,638.0,2697.0,-103.0,2.541418965916954,5,74
595,638.0,2697.0,-91.39999999999998,2.5414189490112444,5,74
596,638.0,2697.0,-79.80000000000001,2.5414189457291787,5,74
597,638.0,2697.0,-68.19999999999999,2.5414189560453235,5,74
598,638.0,2697.0,-56.60000000000002,2.541418979903651,5,74
599,638.0,2697.0,-45.0,2.5414190172178817,5,74
600,638.0,2697.0,-33.39999999999998,2.541419067871974,5,74
601,550.0,1643.0,-172.60000000000002,2.5379856220696864,5,75
602,550.0,1643.0,-161.0,2.5379640389631066,5,75
603,550.0,1643.0,-149.39999999999998,2.5379497484258664,5,75
604,550.0,1643.0,-137.8,2.537942849324826,5,75
605,550.0,1643.0,-126.19999999999999,2.5379433760128274,5,75
606,550.0,1643.0,-114.60000000000002,2.537951297955939,5,75
607,550.0,1643.0,-103.0,2.5379665206008744,5,75
608,550.0,1643.0,-91.39999999999998,2.537988887448267,5,75
609,550.0,1643.0,-79.80000000000001,2.538018183257236,5,75
610,286.0,2015.0,-114.60000000000002,2.541058750035654,5,76
611,286.0,2015.0,-103.0,2.5410593133754937,5,76
612,374.0,1333.0,-207.39999999999998,2.5400127922198865,5,77
613,374.0,1333.0,-195.8,2.54000059851298,5,77
614,374.0,1333.0,-184.2,2.5399903262001984,5,77
615,374.0,1333.0,-172.60000000000002,2.539982026167233,5,77
616,374.0,1333.0,-161.0,2.539975739045555,5,77
617,374.0,1333.0,-149.39999999999998,2.5399714947861662,5,77
618,374.0,1333.0,-137.8,2.5399693123513867,5,77
619,374.0,1333.0,-126.19999999999999,2.539969199530123,5,77
620,374.0,1333.0,-114.60000000000002,2.539971152879886,5,77
621,374.0,1333.0,-103.0,2.539975157796275,5,77
622,374.0,1333.0,-91.39999999999998,2.539981188708183,5,77
623,638.0,1953.0,-207.39999999999998,2.540194430447643,5,78
624,638.0,1953.0,-195.8,2.540180607002584,5,78
625,638.0,1953.0,-184.2,2.5401687040168053,5,78
626,638.0,1953.0,-172.60000000000002,2.540158787994656,5,78
627,638.0,1953.0,-161.0,2.540150913327042,5,78
628,638.0,1953.0,-149.39999999999998,2.540145121635896,5,78
629,638.0,1953.0,-137.8,2.540141441287549,5,78
630,638.0,1953.0,-126.19999999999999,2.540139887085263,5,78
631,682.0,2821.0,-137.8,2.5414299903299837,5,79
632,682.0,2821.0,-126.19999999999999,2.541429957216769,5,79
633,682.0,2821.0,-114.60000000000002,2.5414299299152936,5,79
634,682.0,2821.0,-103.0,2.5414299084660454,5,79
635,682.0,2821.0,-91.39999999999998,2.5414298928974333,5,79
636,682.0,2821.0,-79.80000000000001,2.54142988322572,5,79
637,682.0,2821.0,-68.19999999999999,2.541429879455009,5,79
638,682.0,2821.0,-56.60000000000002,2.5414298815772716,5,79
639,682.0,2821.0,-45.0,2.541429889572436,5,79
640,682.0,2821.0,-33.39999999999998,2.5414299034085013,5,79
641,330.0,1581.0,-184.2,2.540135111292097,5,80
642,330.0,1581.0,-172.60000000000002,2.540128052772789,5,80
643,330.0,1581.0,-161.0,2.5401227160752793,5,80
644,330.0,1581.0,-149.39999999999998,2.5401191253023687,5,80
645,330.0,1581.0,-137.8,2.54011729570347,5,80
646,330.0,1581.0,-126.19999999999999,2.5401172335345996,5,80
647,330.0,1581.0,-114.60000000000002,2.5401189360138874,5,80
648,594.0,589.0,-242.2,2.5413421592432717,5,81
649,594.0,589.0,-230.6,2.5413412071582426,5,81
650,594.0,589.0,-219.0,2.541340329829738,5,81
651,594.0,589.0,-207.39999999999998,2.541339529619025,5,81
652,594.0,589.0,-195.8,2.541338808676437,5,81
653,594.0,589.0,-184.2,2.541338168929885,5,81
654,594.0,589.0,-172.60000000000002,2.5413376120745905,5,81
655,594.0,589.0,-161.0,2.541337139564125,5,81
656,594.0,589.0,-149.39999999999998,2.541336752602823,5,81
657,594.0,589.0,-137.8,2.5413364521396544,5,81
658,330.0,1147.0,-195.8,2.540680611840271,5,82
659,330.0,1147.0,-184.2,2.540675978072509,5,82
660,330.0,1147.0,-172.60000000000002,2.540672204266492,5,82
661,330.0,1147.0,-161.0,2.540669305211035,5,82
662,330.0,1147.0,-149.39999999999998,2.540667291969588,5,82
663,330.0,1147.0,-137.8,2.5406661717916488,5,82
664,990.0,31.0,-172.60000000000002,2.5414395387780155,5,83
665,990.0,31.0,-161.0,2.541439516124291,5,83
666,638.0,2325.0,-195.8,2.5412790812425516,5,84
667,638.0,2325.0,-184.2,2.5412779339816325,5,84
668,638.0,2325.0,-172.60000000000002,2.5412769357097327,5,84
669,638.0,2325.0,-161.0,2.5412760893834814,5,84
670,638.0,2325.0,-149.39999999999998,2.5412753974444313,5,84
671,638.0,2325.0,-137.8,2.5412748618047725,5,84
672,638.0,2325.0,-126.19999999999999,2.541274483836631,5,84
673,638.0,2325.0,-114.60000000000002,2.5412742643651076,5,84
674,638.0,2325.0,-103.0,2.5412742036650813,5,84
675,638.0,2325.0,-91.39999999999998,2.541274301461824,5,84
676,638.0,2325.0,-79.80000000000001,2.541274556935373,5,84
677,638.0,2325.0,-68.19999999999999,2.54127496872859,5,84
678,550.0,2635.0,-172.60000000000002,2.541409434227401,5,85
679,550.0,2635.0,-161.0,2.5414093118928323,5,85
680,550.0,2635.0,-149.39999999999998,2.5414092095190917,5,85
681,550.0,2635.0,-137.8,2.5414091273043344,5,85
682,550.0,2635.0,-126.19999999999999,2.5414090654002446,5,85
683,550.0,2635.0,-114.60000000000002,2.5414090239115006,5,85
684,550.0,2635.0,-103.0,2.5414090028954424,5,85
685,550.0,2635.0,-91.39999999999998,2.5414090023619624,5,85
686,550.0,2635.0,-79.80000000000001,2.541409022273591,5,85
687,550.0,2635.0,-68.19999999999999,2.5414090625458035,5,85
688,550.0,2635.0,-56.60000000000002,2.541409123047529,5,85
689,550.0,2635.0,-45.0,2.5414092036018547,5,85
690,550.0,2635.0,-33.39999999999998,2.5414093039869345,5,85
691,638.0,713.0,-242.2,2.5412485091492614,5,86
692,638.0,713.0,-230.6,2.5412463384948736,5,86
693,638.0,713.0,-219.0,2.5412443388402473,5,86
694,638.0,713.0,-207.39999999999998,2.541242516627181,5,86
695,638.0,713.0,-195.8,2.541240877720657,5,86
696,638.0,713.0,-184.2,2.5412394273705283,5,86
697,638.0,713.0,-172.60000000000002,2.541238170177295,5,86
698,638.0,713.0,-161.0,2.5412371100623328,5,86
699,638.0,713.0,-149.39999999999998,2.541236250242863,5,86
700,550.0,279.0,-195.8,2.541420869801868,5,87
701,550.0,279.0,-184.2,2.541420771428598,5,87
702,550.0,279.0,-172.60000000000002,2.541420684389759,5,87
703,902.0,2201.0,-207.39999999999998,2.5413109057058256,5,88
704,858.0,2511.0,-172.60000000000002,2.541410195079595,5,89
705,858.0,2511.0,-161.0,2.541409858081454,5,89
706,858.0,2511.0,-149.39999999999998,2.541409546691234,5,89
707,770.0,2511.0,-172.60000000000002,2.5413951687807748,5,90
708,770.0,2511.0,-161.0,2.5413948425814654,5,90
709,770.0,2511.0,-149.39999999999998,2.541394552934926,5,90
710,770.0,2511.0,-137.8,2.541394300511654,5,90
711,770.0,2511.0,-126.19999999999999,2.5413940858731565,5,90
712,770.0,2511.0,-114.60000000000002,2.5413939094694937,5,90
713,770.0,2511.0,-103.0,2.5413937716374835,5,90
714,506.0,2201.0,-207.39999999999998,2.5411502445219534,5,91
715,506.0,2201.0,-195.8,2.541148139148295,5,91
716,506.0,2201.0,-184.2,2.54114631303818,5,91
717,506.0,2201.0,-172.60000000000002,2.5411447721690252,5,91
718,506.0,2201.0,-161.0,2.541143521505946,5,91
719,506.0,2201.0,-149.39999999999998,2.541142564969019,5,91
720,506.0,2201.0,-137.8,2.5411419054080704,5,91
721,506.0,2201.0,-126.19999999999999,2.5411415445853214,5,91
722,506.0,2201.0,-114.60000000000002,2.5411414831659997,5,91
723,506.0,2201.0,-103.0,2.541141720717071,5,91
724,506.0,2201.0,-91.39999999999998,2.541142255714011,5,91
725,506.0,2201.0,-79.80000000000001,2.541143085555543,5,91
726,506.0,2201.0,-68.19999999999999,2.541144206586112,5,91
727,726.0,2821.0,-137.8,2.541430880066213,5,92
728,726.0,2821.0,-126.19999999999999,2.541430843911911,5,92
729,726.0,2821.0,-114.60000000000002,2.541430813129915,5,92
730,726.0,2821.0,-103.0,2.541430787767086,5,92
731,726.0,2821.0,-91.39999999999998,2.541430767858891,5,92
732,726.0,2821.0,-79.80000000000001,2.5414307534293172,5,92
733,726.0,2821.0,-68.19999999999999,2.541430744490828,5,92
734,726.0,2821.0,-56.60000000000002,2.5414307410443735,5,92
735,726.0,2821.0,-45.0,2.5414307430794363,5,92
736,726.0,2821.0,-33.39999999999998,2.54143075057413,5,92
737,506.0,2201.0,-207.39999999999998,2.5411502445219534,5,93
738,506.0,2201.0,-195.8,2.541148139148295,5,93
739,506.0,2201.0,-184.2,2.54114631303818,5,93
740,506.0,2201.0,-172.60000000000002,2.5411447721690252,5,93
741,506.0,2201.0,-161.0,2.541143521505946,5,93
742,506.0,2201.0,-149.39999999999998,2.541142564969019,5,93
743,506.0,2201.0,-137.8,2.5411419054080704,5,93
744,506.0,2201.0,-126.19999999999999,2.5411415445853214,5,93
745,506.0,2201.0,-114.60000000000002,2.5411414831659997,5,93
746,506.0,2201.0,-103.0,2.541141720717071,5,93
747,506.0,2201.0,-91.39999999999998,2.541142255714011,5,93
748,506.0,2201.0,-79.80000000000001,2.541143085555543,5,93
749,506.0,2201.0,-68.19999999999999,2.541144206586112,5,93
750,550.0,2325.0,-195.8,2.541280299463992,5,94
751,550.0,2325.0,-184.2,2.5412793119980206,5,94
752,550.0,2325.0,-172.60000000000002,2.5412784647028555,5,94
753,550.0,2325.0,-161.0,2.541277759981214,5,94
754,550.0,2325.0,-149.39999999999998,2.5412771997809713,5,94
755,550.0,2325.0,-137.8,2.5412767855842953,5,94
756,550.0,2325.0,-126.19999999999999,2.5412765183997656,5,94
757,550.0,2325.0,-114.60000000000002,2.5412763987575233,5,94
758,550.0,2325.0,-103.0,2.5412764267075203,5,94
759,550.0,2325.0,-91.39999999999998,2.5412766018208566,5,94
760,550.0,2325.0,-79.80000000000001,2.5412769231941823,5,94
761,550.0,2325.0,-68.19999999999999,2.541277389457088,5,94
762,550.0,2325.0,-56.60000000000002,2.541277998782436,5,94
763,550.0,2077.0,-219.0,2.540866194061848,5,95
764,550.0,2077.0,-207.39999999999998,2.5408606166076897,5,95
765,550.0,2077.0,-195.8,2.5408556932741466,5,95
766,550.0,2077.0,-184.2,2.5408514441856096,5,95
767,550.0,2077.0,-172.60000000000002,2.540847886568873,5,95
768,550.0,2077.0,-161.0,2.5408450346068636,5,95
769,550.0,2077.0,-149.39999999999998,2.5408428993196797,5,95
770,550.0,2077.0,-137.8,2.540841488474685,5,95
771,550.0,2077.0,-126.19999999999999,2.540840806526939,5,95
772,550.0,2077.0,-114.60000000000002,2.540840854590716,5,95
773,550.0,2077.0,-103.0,2.5408416304424795,5,95
774,550.0,2077.0,-91.39999999999998,2.54084312855502,5,95
775,550.0,2077.0,-79.80000000000001,2.5408453401621864,5,95
776,550.0,2077.0,-68.19999999999999,2.540848253352915,5,95
777,682.0,217.0,-219.0,2.541428201527946,5,96
778,682.0,217.0,-207.39999999999998,2.5414281117731905,5,96
779,682.0,217.0,-195.8,2.5414280286541335,5,96
780,682.0,217.0,-184.2,2.5414279523252494,5,96
781,682.0,217.0,-172.60000000000002,2.5414278829273282,5,96
782,682.0,217.0,-161.0,2.5414278205869665,5,96
783,682.0,217.0,-149.39999999999998,2.5414277654161284,5,96
784,682.0,217.0,-137.8,2.541427717511764,5,96
785,682.0,217.0,-126.19999999999999,2.541427676955479,5,96
786,682.0,217.0,-114.60000000000002,2.541427643813271,5,96
787,682.0,217.0,-103.0,2.5414276181353275,5,96
788,550.0,2449.0,-184.2,2.541357359113693,5,97
789,550.0,2449.0,-172.60000000000002,2.5413569457604437,5,97
790,550.0,2449.0,-161.0,2.5413565966443628,5,97
791,550.0,2449.0,-149.39999999999998,2.5413563126032166,5,97
792,550.0,2449.0,-137.8,2.541356094293731,5,97
793,550.0,2449.0,-126.19999999999999,2.5413559421885976,5,97
794,550.0,2449.0,-114.60000000000002,2.5413558565744707,5,97
795,550.0,2449.0,-103.0,2.541355837551007,5,97
796,550.0,2449.0,-91.39999999999998,2.54135588503091,5,97
797,550.0,2449.0,-79.80000000000001,2.5413559987410106,5,97
798,550.0,2449.0,-68.19999999999999,2.5413561782243503,5,97
799,550.0,2449.0,-56.60000000000002,2.5413564228432466,5,97
800,550.0,2449.0,-45.0,2.5413567317833095,5,97
801,418.0,1023.0,-219.0,2.5407776414514522,5,98
802,418.0,1023.0,-207.39999999999998,2.54077182758258,5,98
803,418.0,1023.0,-195.8,2.5407667448869344,5,98
804,418.0,1023.0,-184.2,2.5407624136532747,5,98
805,418.0,1023.0,-172.60000000000002,2.540758851061267,5,98
806,418.0,1023.0,-161.0,2.540756071039723,5,98
807,418.0,1023.0,-149.39999999999998,2.5407540841527383,5,98
808,418.0,1023.0,-137.8,2.540752897515376,5,98
809,418.0,1023.0,-126.19999999999999,2.540752514740049,5,98
810,550.0,1953.0,-219.0,2.5403884641005186,5,99
811,550.0,1953.0,-207.39999999999998,2.540376960192786,5,99
812,550.0,1953.0,-195.8,2.5403668628325664,5,99
813,550.0,1953.0,-184.2,2.5403582221483,5,99
814,550.0,1953.0,-172.60000000000002,2.5403510807521315,5,99
815,550.0,1953.0,-161.0,2.5403454732899275,5,99
816,550.0,1953.0,-149.39999999999998,2.540341426079102,5,99
817,550.0,1953.0,-137.8,2.540338956840762,5,99
818,550.0,1953.0,-126.19999999999999,2.540338074531082,5,99
819,550.0,1953.0,-114.60000000000002,2.540338779274682,5,99
820,550.0,1953.0,-103.0,2.540341062400905,5,99
821,550.0,1953.0,-91.39999999999998,2.5403449065817005,5,99
822,550.0,1953.0,-79.80000000000001,2.540350286067902,5,99
823,418.0,1891.0,-219.0,2.5405186156893316,5,100
824,418.0,1891.0,-207.39999999999998,2.540509985099923,5,100
825,418.0,1891.0,-195.8,2.540502459504459,5,100
826,418.0,1891.0,-184.2,2.5404960721113046,5,100
827,418.0,1891.0,-172.60000000000002,2.5404908509528337,5,100
828,418.0,1891.0,-161.0,2.540486818626654,5,100
829,418.0,1891.0,-149.39999999999998,2.540483992088645,5,100
830,418.0,1891.0,-137.8,2.5404823825012186,5,100
831,418.0,1891.0,-126.19999999999999,2.5404819951390616,5,100
832,418.0,1891.0,-114.60000000000002,2.5404828293538233,5,100
833,418.0,1891.0,-103.0,2.5404848785981273,5,100
834,418.0,1891.0,-91.39999999999998,2.5404881305082556,5,100
835,418.0,1891.0,-79.80000000000001,2.540492567043956,5,100
