X,Y,Z,grade,formation
242.0,837.0,-172.60000000000002,2.0620717405874913,5
242.0,899.0,-184.2,2.0622410744537207,5
242.0,899.0,-172.60000000000002,2.062242273502415,5
242.0,961.0,-184.2,2.0624312360414154,5
242.0,961.0,-172.60000000000002,2.062433896077174,5
242.0,961.0,-161.0,2.062435749383496,5
242.0,1023.0,-184.2,2.0626529925569406,5
242.0,1023.0,-172.60000000000002,2.0626578275604595,5
242.0,1023.0,-161.0,2.0626614644320806,5
242.0,1085.0,-195.8,2.062909368141008,5
242.0,1085.0,-184.2,2.0629195422791713,5
242.0,1085.0,-172.60000000000002,2.0629280592558725,5
242.0,1085.0,-161.0,2.062934821662552,5
242.0,1147.0,-195.8,2.0632316911495683,5
242.0,1147.0,-184.2,2.06324937688531,5
242.0,1147.0,-172.60000000000002,2.0632647119246066,5
242.0,1209.0,-207.39999999999998,2.0636039223515947,5
242.0,1209.0,-195.8,2.0636386038092502,5
242.0,1209.0,-184.2,2.0636704908927195,5
242.0,1209.0,-172.60000000000002,2.0636991567687635,5
242.0,1271.0,-219.0,2.064035896580301,5
242.0,1271.0,-207.39999999999998,2.064100429802082,5
242.0,1271.0,-195.8,2.064162610809124,5
242.0,1333.0,-219.0,2.064604099929242,5
242.0,1333.0,-207.39999999999998,2.0647150048756684,5
242.0,1395.0,-242.2,2.064878032252751,5
242.0,1395.0,-230.6,2.0650426868124123,5
242.0,1457.0,-300.2,2.064361461756903,5
242.0,1457.0,-288.6,2.064513830111188,5
242.0,1457.0,-277.0,2.0646778046796164,5
242.0,1457.0,-265.4,2.0648538838786683,5
242.0,1457.0,-253.79999999999998,2.0650424118413007,5
242.0,1457.0,-242.2,2.0652435230515667,5
242.0,1519.0,-300.2,2.064396738349114,5
242.0,1519.0,-288.6,2.064554121392738,5
242.0,1519.0,-277.0,2.0647238811199657,5
242.0,1519.0,-265.4,2.0649066140165075,5
242.0,1519.0,-253.79999999999998,2.0651027670100666,5
242.0,1519.0,-242.2,2.065312579553587,5
242.0,1581.0,-253.79999999999998,2.0648704732818626,5
242.0,1581.0,-242.2,2.065047427404765,5
242.0,1581.0,-230.6,2.065233710231752,5
242.0,1643.0,-219.0,2.0648475534254613,5
242.0,1643.0,-207.39999999999998,2.064982252789807,5
242.0,1705.0,-207.39999999999998,2.064334262137137,5
242.0,1705.0,-195.8,2.0644124828420236,5
242.0,1705.0,-184.2,2.0644876745995355,5
242.0,1767.0,-195.8,2.0638403575686763,5
242.0,1767.0,-184.2,2.0638811626364877,5
242.0,1767.0,-172.60000000000002,2.0639183819108657,5
242.0,1829.0,-184.2,2.0634220056877735,5
242.0,1829.0,-172.60000000000002,2.0634419916517373,5
242.0,1829.0,-161.0,2.063459009202687,5
242.0,1829.0,-149.39999999999998,2.063472804783758,5
242.0,1891.0,-172.60000000000002,2.0630825805133974,5
242.0,1891.0,-161.0,2.0630918937405687,5
242.0,1891.0,-149.39999999999998,2.06309901779047,5
242.0,1891.0,-137.8,2.063103849303895,5
242.0,1953.0,-161.0,2.0628100448864064,5
242.0,1953.0,-149.39999999999998,2.0628141034105454,5
242.0,1953.0,-137.8,2.062816607713917,5
242.0,1953.0,-126.19999999999999,2.0628175197404754,5
242.0,2015.0,-137.8,2.0625935167147706,5
242.0,2015.0,-126.19999999999999,2.062593989055951,5
242.0,2015.0,-114.60000000000002,2.062593353899003,5
242.0,2077.0,-126.19999999999999,2.0624189127941315,5
242.0,2077.0,-114.60000000000002,2.062418609452241,5
242.0,2139.0,-114.60000000000002,2.062281949551852,5
242.0,2139.0,-103.0,2.0622814691591933,5
242.0,2201.0,-103.0,2.0621761161409724,5
286.0,651.0,-184.2,2.061573316715569,5
286.0,713.0,-184.2,2.061757810075921,5
286.0,775.0,-195.8,2.0619322553831356,5
286.0,775.0,-184.2,2.061931191460459,5
286.0,775.0,-172.60000000000002,2.0619299845143915,5
286.0,837.0,-195.8,2.0621046362910027,5
286.0,837.0,-184.2,2.0621049528562474,5
286.0,837.0,-172.60000000000002,2.062104931208887,5
286.0,837.0,-161.0,2.062104567085952,5
286.0,899.0,-195.8,2.0622881922843876,5
286.0,899.0,-184.2,2.0622899176745646,5
286.0,899.0,-172.60000000000002,2.062291070365528,5
286.0,961.0,-207.39999999999998,2.0624885850632353,5
286.0,961.0,-195.8,2.0624928575205925,5
286.0,961.0,-184.2,2.062496284006377,5
286.0,961.0,-172.60000000000002,2.0624988348211786,5
286.0,1023.0,-207.39999999999998,2.0627210551693813,5
286.0,1023.0,-195.8,2.0627281047658124,5
286.0,1023.0,-184.2,2.0627339260969886,5
286.0,1023.0,-172.60000000000002,2.0627384624821747,5
286.0,1085.0,-219.0,2.0629793076036487,5
286.0,1085.0,-207.39999999999998,2.0629923270141477,5
286.0,1085.0,-195.8,2.063003724882207,5
286.0,1085.0,-184.2,2.063013383664273,5
286.0,1147.0,-230.6,2.06326905374545,5
286.0,1147.0,-219.0,2.063292082465173,5
286.0,1147.0,-207.39999999999998,2.063313175278905,5
286.0,1147.0,-195.8,2.0633321005411434,5
286.0,1147.0,-184.2,2.06334862826892,5
286.0,1209.0,-230.6,2.0636264395617956,5
286.0,1209.0,-219.0,2.063664431160911,5
286.0,1209.0,-207.39999999999998,2.0637002081008955,5
286.0,1209.0,-195.8,2.063733325996909,5
286.0,1209.0,-184.2,2.063763323081396,5
286.0,1271.0,-242.2,2.063985396852123,5
286.0,1271.0,-230.6,2.0640517885717284,5
286.0,1271.0,-219.0,2.0641172439431403,5
286.0,1271.0,-207.39999999999998,2.064181034901562,5
286.0,1271.0,-195.8,2.0642423371177316,5
286.0,1271.0,-184.2,2.064300238684977,5
286.0,1333.0,-265.4,2.0642311874056376,5
286.0,1333.0,-253.79999999999998,2.064336050199491,5
286.0,1333.0,-242.2,2.0644447851989813,5
286.0,1333.0,-230.6,2.0645568235684424,5
286.0,1333.0,-219.0,2.0646713741211125,5
286.0,1333.0,-207.39999999999998,2.064787397376209,5
286.0,1333.0,-195.8,2.064903584786762,5
286.0,1333.0,-184.2,2.065018346037663,5
286.0,1395.0,-311.79999999999995,2.0640813788654917,5
286.0,1395.0,-300.2,2.0641975935147,5
286.0,1395.0,-288.6,2.064323053555532,5
286.0,1395.0,-277.0,2.0644584010028533,5
286.0,1395.0,-265.4,2.064604185054966,5
286.0,1395.0,-253.79999999999998,2.064760814053091,5
286.0,1395.0,-242.2,2.0649284985362293,5
286.0,1395.0,-230.6,2.065107185066226,5
286.0,1395.0,-219.0,2.0652964808222873,5
286.0,1395.0,-207.39999999999998,2.0654955695117616,5
286.0,1395.0,-195.8,2.065703120078846,5
286.0,1457.0,-335.0,2.0639862659738366,5
286.0,1457.0,-323.4,2.0641023555466975,5
286.0,1457.0,-311.79999999999995,2.0642295579592793,5
286.0,1457.0,-300.2,2.064369198575384,5
286.0,1457.0,-288.6,2.064522665364389,5
286.0,1457.0,-277.0,2.064691380551987,5
286.0,1457.0,-265.4,2.064876762038292,5
286.0,1457.0,-253.79999999999998,2.065080172631623,5
286.0,1457.0,-242.2,2.0653028547077446,5
286.0,1457.0,-230.6,2.0655458472765553,5
286.0,1457.0,-219.0,2.0658098816219557,5
286.0,1519.0,-335.0,2.0640060910618554,5
286.0,1519.0,-323.4,2.064125293961823,5
286.0,1519.0,-311.79999999999995,2.064256273095295,5
286.0,1519.0,-300.2,2.0644004883130527,5
286.0,1519.0,-288.6,2.0645594843261654,5
286.0,1519.0,-277.0,2.064734864836074,5
286.0,1519.0,-265.4,2.064928256380689,5
286.0,1519.0,-253.79999999999998,2.0651412597614507,5
286.0,1519.0,-242.2,2.0653753863397935,5
286.0,1519.0,-230.6,2.0656319756374155,5
286.0,1519.0,-219.0,2.0659120895083354,5
286.0,1581.0,-323.4,2.064035638668401,5
286.0,1581.0,-311.79999999999995,2.064152266257976,5
286.0,1581.0,-300.2,2.0642791335983866,5
286.0,1581.0,-288.6,2.06441722205846,5
286.0,1581.0,-277.0,2.064567491091289,5
286.0,1581.0,-265.4,2.0647308369794612,5
286.0,1581.0,-253.79999999999998,2.064908041112918,5
286.0,1581.0,-242.2,2.0650997064553973,5
286.0,1581.0,-230.6,2.0653061807706745,5
286.0,1581.0,-219.0,2.0655274651398345,5
286.0,1581.0,-207.39999999999998,2.065763106441224,5
286.0,1581.0,-195.8,2.0660120730426668,5
286.0,1643.0,-277.0,2.064266606000899,5
286.0,1643.0,-265.4,2.064384197214249,5
286.0,1643.0,-253.79999999999998,2.0645082486072197,5
286.0,1643.0,-242.2,2.064638531097285,5
286.0,1643.0,-230.6,2.064774583884636,5
286.0,1643.0,-219.0,2.06491566911905,5
286.0,1643.0,-207.39999999999998,2.0650607265998193,5
286.0,1643.0,-195.8,2.0652083312047793,5
286.0,1643.0,-184.2,2.0653566567083987,5
286.0,1705.0,-242.2,2.0641642751529106,5
286.0,1705.0,-230.6,2.0642460407566974,5
286.0,1705.0,-219.0,2.064327758693605,5
286.0,1705.0,-207.39999999999998,2.0644085624650206,5
286.0,1705.0,-195.8,2.064487436946269,5
286.0,1705.0,-184.2,2.0645632235424616,5
286.0,1767.0,-230.6,2.0637947768579634,5
286.0,1767.0,-219.0,2.0638419606866223,5
286.0,1767.0,-207.39999999999998,2.0638869600665553,5
286.0,1767.0,-195.8,2.0639292052600764,5
286.0,1767.0,-184.2,2.0639680913203,5
286.0,1767.0,-172.60000000000002,2.064002989938269,5
286.0,1829.0,-219.0,2.063448167431768,5
286.0,1829.0,-207.39999999999998,2.063474560254987,5
286.0,1829.0,-195.8,2.06349854212688,5
286.0,1829.0,-184.2,2.0635198117340465,5
286.0,1829.0,-172.60000000000002,2.063538071415512,5
286.0,1829.0,-161.0,2.0635530341592294,5
286.0,1891.0,-195.8,2.063155343381336,5
286.0,1891.0,-184.2,2.063168013465849,5
286.0,1891.0,-172.60000000000002,2.063178517911594,5
286.0,1891.0,-161.0,2.0631867222645455,5
286.0,1891.0,-149.39999999999998,2.0631925058550467,5
286.0,1953.0,-184.2,2.0628841102985254,5
286.0,1953.0,-172.60000000000002,2.062890794257575,5
286.0,1953.0,-161.0,2.0628958658802943,5
286.0,1953.0,-149.39999999999998,2.0628992676876976,5
286.0,1953.0,-137.8,2.0629009524806583,5
286.0,2015.0,-172.60000000000002,2.06265795215448,5
286.0,2015.0,-161.0,2.0626615063035927,5
286.0,2015.0,-149.39999999999998,2.062663886411081,5
286.0,2015.0,-137.8,2.062665069833316,5
286.0,2015.0,-126.19999999999999,2.06266504066798,5
286.0,2077.0,-161.0,2.06247308204147,5
286.0,2077.0,-149.39999999999998,2.0624750554045246,5
286.0,2077.0,-137.8,2.062476173396629,5
286.0,2077.0,-126.19999999999999,2.062476428959053,5
286.0,2077.0,-114.60000000000002,2.0624758192971746,5
286.0,2139.0,-137.8,2.0623264126303638,5
286.0,2139.0,-126.19999999999999,2.0623270182517794,5
286.0,2139.0,-114.60000000000002,2.0623269900474575,5
286.0,2139.0,-103.0,2.0623263307044626,5
286.0,2201.0,-126.19999999999999,2.0622106247296994,5
286.0,2201.0,-114.60000000000002,2.062211095767386,5
286.0,2201.0,-103.0,2.0622110848210546,5
286.0,2201.0,-91.39999999999998,2.0622105970534697,5
286.0,2263.0,-114.60000000000002,2.062123004603415,5
286.0,2263.0,-103.0,2.0621235000305767,5
286.0,2263.0,-91.39999999999998,2.0621236106183685,5
286.0,2325.0,-103.0,2.062059299193838,5
286.0,2325.0,-91.39999999999998,2.062059837933462,5
286.0,2387.0,-91.39999999999998,2.0620157424418637,5
286.0,2511.0,-79.80000000000001,2.061975737824698,5
330.0,527.0,-195.8,2.0610702931788207,5
330.0,589.0,-195.8,2.0613402066960993,5
330.0,589.0,-184.2,2.06133201645765,5
330.0,651.0,-207.39999999999998,2.0615731932958936,5
330.0,651.0,-195.8,2.061567878325062,5
330.0,651.0,-184.2,2.061562790085057,5
330.0,713.0,-207.39999999999998,2.0617712169301323,5
330.0,713.0,-195.8,2.061768349045501,5
330.0,713.0,-184.2,2.0617655088540925,5
330.0,713.0,-172.60000000000002,2.061762705905659,5
330.0,775.0,-207.39999999999998,2.061956966913056,5
330.0,775.0,-195.8,2.0619560199152884,5
330.0,775.0,-184.2,2.061954907486474,5
330.0,775.0,-172.60000000000002,2.061953631291213,5
330.0,837.0,-219.0,2.0621423109823573,5
330.0,837.0,-207.39999999999998,2.0621434165505383,5
330.0,837.0,-195.8,2.0621441542474903,5
330.0,837.0,-184.2,2.062144516482346,5
330.0,899.0,-219.0,2.0623391741301664,5
330.0,899.0,-207.39999999999998,2.0623422279493497,5
330.0,899.0,-195.8,2.0623446727701835,5
330.0,899.0,-184.2,2.06234649008594,5
330.0,961.0,-230.6,2.062551865520091,5
330.0,961.0,-219.0,2.0625581029602156,5
330.0,961.0,-207.39999999999998,2.0625634643866015,5
330.0,961.0,-195.8,2.0625679106234807,5
330.0,1023.0,-230.6,2.0627969982734835,5
330.0,1023.0,-219.0,2.0628066548670643,5
330.0,1023.0,-207.39999999999998,2.0628150680449746,5
330.0,1023.0,-195.8,2.062822167252347,5
330.0,1085.0,-242.2,2.0630587406929433,5
330.0,1085.0,-230.6,2.0630748353597133,5
330.0,1085.0,-219.0,2.0630893625005062,5
330.0,1085.0,-207.39999999999998,2.063102189650364,5
330.0,1085.0,-195.8,2.0631131882819824,5
330.0,1147.0,-253.79999999999998,2.063335576325779,5
330.0,1147.0,-242.2,2.0633612974921136,5
330.0,1147.0,-230.6,2.063385283123368,5
330.0,1147.0,-219.0,2.063407299455732,5
330.0,1147.0,-207.39999999999998,2.0634271069561607,5
330.0,1209.0,-253.79999999999998,2.063649949533659,5
330.0,1209.0,-242.2,2.063688408790351,5
330.0,1209.0,-230.6,2.0637251427061445,5
330.0,1209.0,-219.0,2.0637597475851757,5
330.0,1209.0,-207.39999999999998,2.063791785994767,5
330.0,1271.0,-277.0,2.06385501750987,5
330.0,1271.0,-265.4,2.0639143841474605,5
330.0,1271.0,-253.79999999999998,2.063974088140272,5
330.0,1271.0,-242.2,2.0640337100527213,5
330.0,1271.0,-230.6,2.064092721704664,5
330.0,1271.0,-219.0,2.064150479236539,5
330.0,1271.0,-207.39999999999998,2.064206220718964,5
330.0,1333.0,-288.6,2.0640363734158034,5
330.0,1333.0,-277.0,2.064119482148059,5
330.0,1333.0,-265.4,2.064206877186802,5
330.0,1333.0,-253.79999999999998,2.064298498661016,5
330.0,1333.0,-242.2,2.064394105426554,5
330.0,1333.0,-230.6,2.064493231979972,5
330.0,1333.0,-219.0,2.0645951457326372,5
330.0,1333.0,-207.39999999999998,2.0646988075768564,5
330.0,1395.0,-311.79999999999995,2.0640290023550163,5
330.0,1395.0,-300.2,2.06412437159438,5
330.0,1395.0,-288.6,2.0642286745793337,5
330.0,1395.0,-277.0,2.0643429959379915,5
330.0,1395.0,-265.4,2.064468386928754,5
330.0,1395.0,-253.79999999999998,2.0646058052931853,5
330.0,1395.0,-242.2,2.0647560413490798,5
330.0,1395.0,-230.6,2.064919630080818,5
330.0,1395.0,-219.0,2.0650967492204506,5
330.0,1395.0,-207.39999999999998,2.065287103271776,5
330.0,1395.0,-195.8,2.0654897931232825,5
330.0,1457.0,-311.79999999999995,2.0641115901014104,5
330.0,1457.0,-300.2,2.064223595425305,5
330.0,1457.0,-288.6,2.064349530315198,5
330.0,1457.0,-277.0,2.0644916680856333,5
330.0,1457.0,-265.4,2.0646524527378767,5
330.0,1457.0,-253.79999999999998,2.06483445868276,5
330.0,1457.0,-242.2,2.0650403365298575,5
330.0,1457.0,-230.6,2.0652727441154797,5
330.0,1457.0,-219.0,2.0655342607315568,5
330.0,1457.0,-207.39999999999998,2.0658272790919074,5
330.0,1457.0,-195.8,2.066153862719888,5
330.0,1457.0,-184.2,2.06651554524795,5
330.0,1519.0,-311.79999999999995,2.064125554702117,5
330.0,1519.0,-300.2,2.0642408619843637,5
330.0,1519.0,-288.6,2.0643711677303513,5
330.0,1519.0,-277.0,2.0645190278619303,5
330.0,1519.0,-265.4,2.0646872294104877,5
330.0,1519.0,-253.79999999999998,2.064878761680565,5
330.0,1519.0,-242.2,2.0650967762815666,5
330.0,1519.0,-230.6,2.065344536186629,5
330.0,1519.0,-219.0,2.0656253527828845,5
330.0,1519.0,-207.39999999999998,2.0659425059622567,5
330.0,1519.0,-195.8,2.0662991339252543,5
330.0,1519.0,-184.2,2.0666980648694198,5
330.0,1581.0,-311.79999999999995,2.0640700850165894,5
330.0,1581.0,-300.2,2.0641730349973804,5
330.0,1581.0,-288.6,2.06428704565176,5
330.0,1581.0,-277.0,2.064413680065119,5
330.0,1581.0,-265.4,2.064554539041696,5
330.0,1581.0,-253.79999999999998,2.064711203141762,5
330.0,1581.0,-242.2,2.0648851587218755,5
330.0,1581.0,-230.6,2.0650777068174317,5
330.0,1581.0,-219.0,2.0652898532503863,5
330.0,1581.0,-207.39999999999998,2.0655221769863705,5
330.0,1581.0,-195.8,2.0657746712342013,5
330.0,1643.0,-300.2,2.064031895627986,5
330.0,1643.0,-288.6,2.064120639103284,5
330.0,1643.0,-277.0,2.0642155607447985,5
330.0,1643.0,-265.4,2.064317024695419,5
330.0,1643.0,-253.79999999999998,2.064425252104942,5
330.0,1643.0,-242.2,2.0645402648829263,5
330.0,1643.0,-230.6,2.064661823452065,5
330.0,1643.0,-219.0,2.064789360506015,5
330.0,1643.0,-207.39999999999998,2.064921913540388,5
330.0,1705.0,-277.0,2.0639665998279133,5
330.0,1705.0,-265.4,2.0640359363681458,5
330.0,1705.0,-253.79999999999998,2.0641067058367,5
330.0,1705.0,-242.2,2.064178499466692,5
330.0,1705.0,-230.6,2.06425075834794,5
330.0,1705.0,-219.0,2.064322757049731,5
330.0,1705.0,-207.39999999999998,2.0643935923701604,5
330.0,1767.0,-253.79999999999998,2.0637853381186204,5
330.0,1767.0,-242.2,2.063831265309405,5
330.0,1767.0,-230.6,2.0638756750587346,5
330.0,1767.0,-219.0,2.0639180749771615,5
330.0,1767.0,-207.39999999999998,2.063957915978349,5
330.0,1767.0,-195.8,2.063994599100481,5
330.0,1829.0,-242.2,2.0635026375096146,5
330.0,1829.0,-230.6,2.0635315859858756,5
330.0,1829.0,-219.0,2.063558419516655,5
330.0,1829.0,-207.39999999999998,2.0635828347643144,5
330.0,1829.0,-195.8,2.063604520688499,5
330.0,1829.0,-184.2,2.0636231648085555,5
330.0,1891.0,-230.6,2.063218719063421,5
330.0,1891.0,-219.0,2.0632367940909995,5
330.0,1891.0,-207.39999999999998,2.0632529282322376,5
330.0,1891.0,-195.8,2.0632669570979156,5
330.0,1891.0,-184.2,2.0632787223396027,5
330.0,1953.0,-207.39999999999998,2.062965923113356,5
330.0,1953.0,-195.8,2.062975658416199,5
330.0,1953.0,-184.2,2.062983744312931,5
330.0,1953.0,-172.60000000000002,2.062990104034012,5
330.0,1953.0,-161.0,2.0629946698177672,5
330.0,2015.0,-195.8,2.062729382202821,5
330.0,2015.0,-184.2,2.0627353570058165,5
330.0,2015.0,-172.60000000000002,2.0627400904133633,5
330.0,2015.0,-161.0,2.062743546736258,5
330.0,2015.0,-149.39999999999998,2.0627456968580353,5
330.0,2077.0,-184.2,2.062530934397187,5
330.0,2077.0,-172.60000000000002,2.0625347711809847,5
330.0,2077.0,-161.0,2.062537682458279,5
330.0,2077.0,-149.39999999999998,2.0625396529414455,5
330.0,2077.0,-137.8,2.0625406717677777,5
330.0,2139.0,-172.60000000000002,2.0623699887061284,5
330.0,2139.0,-161.0,2.0623726794222383,5
330.0,2139.0,-149.39999999999998,2.06237467164811,5
330.0,2139.0,-137.8,2.0623759604057175,5
330.0,2139.0,-126.19999999999999,2.0623765436328876,5
330.0,2201.0,-161.0,2.0622436011069905,5
330.0,2201.0,-149.39999999999998,2.0622457324719985,5
330.0,2201.0,-137.8,2.062247319114625,5
330.0,2201.0,-126.19999999999999,2.0622483616724314,5
330.0,2201.0,-114.60000000000002,2.062248862710994,5
330.0,2263.0,-137.8,2.0621497790123127,5
330.0,2263.0,-126.19999999999999,2.0621512174700523,5
330.0,2263.0,-114.60000000000002,2.0621522127041167,5
330.0,2263.0,-103.0,2.0621527703186504,5
330.0,2325.0,-126.19999999999999,2.0620806481690424,5
330.0,2325.0,-114.60000000000002,2.062082015712084,5
330.0,2325.0,-103.0,2.0620829985754323,5
330.0,2325.0,-91.39999999999998,2.062083605100966,5
330.0,2387.0,-114.60000000000002,2.0620344942046676,5
330.0,2387.0,-103.0,2.062035732350138,5
330.0,2387.0,-91.39999999999998,2.0620366155645375,5
330.0,2387.0,-79.80000000000001,2.0620371552515278,5
330.0,2449.0,-114.60000000000002,2.0620065315213236,5
330.0,2449.0,-103.0,2.062007833025194,5
330.0,2449.0,-91.39999999999998,2.062008777442932,5
330.0,2449.0,-79.80000000000001,2.062009379641111,5
330.0,2511.0,-103.0,2.06199662464368,5
330.0,2511.0,-91.39999999999998,2.0619973886814043,5
330.0,2511.0,-79.80000000000001,2.0619977974226593,5
330.0,2573.0,-103.0,2.061999601395781,5
330.0,2573.0,-91.39999999999998,2.061999917160647,5
330.0,2573.0,-79.80000000000001,2.0619998574463305,5
330.0,2573.0,-68.19999999999999,2.0619994469244594,5
330.0,2635.0,-91.39999999999998,2.062013671056631,5
330.0,2635.0,-79.80000000000001,2.062012865663643,5
330.0,2635.0,-68.19999999999999,2.0620116948930307,5
330.0,2697.0,-91.39999999999998,2.0620354990191707,5
330.0,2697.0,-79.80000000000001,2.0620337046247297,5
330.0,2697.0,-68.19999999999999,2.0620315356416765,5
330.0,2759.0,-91.39999999999998,2.062061623553249,5
330.0,2759.0,-79.80000000000001,2.0620586823367786,5
330.0,2821.0,-91.39999999999998,2.062087714833697,5
330.0,2821.0,-79.80000000000001,2.062083609406326,5
330.0,2883.0,-103.0,2.0621139668323987,5
330.0,2883.0,-91.39999999999998,2.062109269101376,5
330.0,2883.0,-79.80000000000001,2.062104160858457,5
330.0,2945.0,-114.60000000000002,2.0621325265889943,5
330.0,2945.0,-103.0,2.0621276206818746,5
330.0,2945.0,-91.39999999999998,2.0621222534004615,5
330.0,3007.0,-126.19999999999999,2.0621390918836133,5
330.0,3007.0,-114.60000000000002,2.0621345099196207,5
330.0,3007.0,-103.0,2.062129406732568,5
330.0,3007.0,-91.39999999999998,2.0621238450976858,5
330.0,3069.0,-114.60000000000002,2.062123021338613,5
330.0,3069.0,-103.0,2.0621182416568655,5
330.0,3069.0,-91.39999999999998,2.062113003377263,5
374.0,31.0,-253.79999999999998,2.0575368823301132,5
374.0,31.0,-242.2,2.0573720153827653,5
374.0,93.0,-242.2,2.0576355893368095,5
374.0,155.0,-242.2,2.0581008539185284,5
374.0,217.0,-230.6,2.058576511516652,5
374.0,341.0,-219.0,2.0597339502062306,5
374.0,403.0,-207.39999999999998,2.060222941179677,5
374.0,465.0,-207.39999999999998,2.060669951078005,5
374.0,465.0,-195.8,2.060647231585746,5
374.0,527.0,-207.39999999999998,2.0610323828709247,5
374.0,527.0,-195.8,2.0610175038998158,5
374.0,527.0,-184.2,2.061003439853565,5
374.0,589.0,-219.0,2.0613366649371985,5
374.0,589.0,-207.39999999999998,2.061326753279216,5
374.0,589.0,-195.8,2.061317299975045,5
374.0,589.0,-184.2,2.0613083457007066,5
374.0,651.0,-219.0,2.061577850416006,5
374.0,651.0,-207.39999999999998,2.0615719497885494,5
374.0,651.0,-195.8,2.0615662700612907,5
374.0,651.0,-184.2,2.061560833943576,5
374.0,713.0,-219.0,2.061789459570409,5
374.0,713.0,-207.39999999999998,2.0617864783436843,5
374.0,713.0,-195.8,2.061783508859648,5
374.0,775.0,-230.6,2.061988549612873,5
374.0,775.0,-219.0,2.0619880552586336,5
374.0,775.0,-207.39999999999998,2.0619873682552083,5
374.0,775.0,-195.8,2.0619864886850707,5
374.0,837.0,-230.6,2.0621867760839097,5
374.0,837.0,-219.0,2.0621885299236684,5
374.0,837.0,-207.39999999999998,2.06218987734702,5
374.0,837.0,-195.8,2.0621908082511173,5
374.0,899.0,-242.2,2.06239510487189,5
374.0,899.0,-230.6,2.0623998373814323,5
374.0,899.0,-219.0,2.062403931826962,5
374.0,899.0,-207.39999999999998,2.062407362695664,5
374.0,961.0,-242.2,2.0626303278752607,5
374.0,961.0,-230.6,2.062638117479996,5
374.0,961.0,-219.0,2.0626449638815174,5
374.0,961.0,-207.39999999999998,2.062650820669833,5
374.0,1023.0,-253.79999999999998,2.062883737862177,5
374.0,1023.0,-242.2,2.0628966632400694,5
374.0,1023.0,-230.6,2.0629083451209933,5
374.0,1023.0,-219.0,2.062918698832336,5
374.0,1085.0,-265.4,2.0631557713454423,5
374.0,1085.0,-253.79999999999998,2.0631757526480263,5
374.0,1085.0,-242.2,2.0631942284650218,5
374.0,1085.0,-230.6,2.0632110543776534,5
374.0,1085.0,-219.0,2.0632260865101277,5
374.0,1147.0,-265.4,2.063459543304699,5
374.0,1147.0,-253.79999999999998,2.0634871365088405,5
374.0,1147.0,-242.2,2.0635129264117555,5
374.0,1147.0,-230.6,2.0635366771676047,5
374.0,1147.0,-219.0,2.063558144137401,5
374.0,1209.0,-277.0,2.063716691471095,5
374.0,1209.0,-265.4,2.0637553919640896,5
374.0,1209.0,-253.79999999999998,2.0637926309771344,5
374.0,1209.0,-242.2,2.063828080463626,5
374.0,1209.0,-230.6,2.0638613705025812,5
374.0,1271.0,-277.0,2.063952461520081,5
374.0,1271.0,-265.4,2.0640021647009044,5
374.0,1271.0,-253.79999999999998,2.064051471039132,5
374.0,1271.0,-242.2,2.0640999949168983,5
374.0,1271.0,-230.6,2.0641472321057113,5
374.0,1333.0,-277.0,2.0640931183156805,5
374.0,1333.0,-265.4,2.06415498346324,5
374.0,1333.0,-253.79999999999998,2.064219690833544,5
374.0,1333.0,-242.2,2.064287138167095,5
374.0,1333.0,-230.6,2.0643569666107986,5
374.0,1333.0,-219.0,2.064428496801143,5
374.0,1395.0,-288.6,2.064056771386587,5
374.0,1395.0,-277.0,2.0641234542272673,5
374.0,1395.0,-265.4,2.0641983906590293,5
374.0,1395.0,-253.79999999999998,2.06428295695877,5
374.0,1395.0,-242.2,2.0643783705111414,5
374.0,1395.0,-230.6,2.064485546005623,5
374.0,1395.0,-219.0,2.0646049306077487,5
374.0,1395.0,-207.39999999999998,2.0647363281929754,5
374.0,1457.0,-288.6,2.0640205216407272,5
374.0,1457.0,-277.0,2.064092289186829,5
374.0,1457.0,-265.4,2.0641786565707574,5
374.0,1457.0,-253.79999999999998,2.0642830436192234,5
374.0,1457.0,-242.2,2.064409061175957,5
374.0,1457.0,-230.6,2.0645603759542275,5
374.0,1457.0,-219.0,2.064740559153508,5
374.0,1457.0,-207.39999999999998,2.0649529486665177,5
374.0,1519.0,-300.2,2.0639498069653515,5
374.0,1519.0,-288.6,2.064010082164348,5
374.0,1519.0,-277.0,2.0640828557178525,5
374.0,1519.0,-265.4,2.064171677811208,5
374.0,1519.0,-253.79999999999998,2.0642804999582944,5
374.0,1519.0,-242.2,2.064413590796536,5
374.0,1519.0,-230.6,2.0645754257765514,5
374.0,1519.0,-219.0,2.064770574057187,5
374.0,1519.0,-207.39999999999998,2.06500362601644,5
374.0,1519.0,-195.8,2.0652792260504063,5
374.0,1581.0,-288.6,2.064046007887184,5
374.0,1581.0,-277.0,2.064115173438223,5
374.0,1581.0,-265.4,2.064195207988037,5
374.0,1581.0,-253.79999999999998,2.064288270516885,5
374.0,1581.0,-242.2,2.064396465556003,5
374.0,1581.0,-230.6,2.0645216855533444,5
374.0,1581.0,-219.0,2.0646654263672053,5
374.0,1581.0,-207.39999999999998,2.064828589186672,5
374.0,1643.0,-277.0,2.0641193770262647,5
374.0,1643.0,-265.4,2.0641865160198702,5
374.0,1643.0,-253.79999999999998,2.0642586672469174,5
374.0,1643.0,-242.2,2.0643360717337678,5
374.0,1643.0,-230.6,2.0644186655639083,5
374.0,1643.0,-219.0,2.0645059783970527,5
374.0,1705.0,-277.0,2.0640246907659527,5
374.0,1705.0,-265.4,2.0640794214535925,5
374.0,1705.0,-253.79999999999998,2.0641346497014155,5
374.0,1705.0,-242.2,2.064190029067361,5
374.0,1705.0,-230.6,2.064245046532701,5
374.0,1705.0,-219.0,2.06429899805128,5
374.0,1767.0,-265.4,2.063867715832033,5
374.0,1767.0,-253.79999999999998,2.063909944294345,5
374.0,1767.0,-242.2,2.063950574966859,5
374.0,1767.0,-230.6,2.0639891786219287,5
374.0,1767.0,-219.0,2.064025261036033,5
374.0,1829.0,-265.4,2.063590505877068,5
374.0,1829.0,-253.79999999999998,2.063622480530571,5
374.0,1829.0,-242.2,2.0636525661037193,5
374.0,1829.0,-230.6,2.0636804787199376,5
374.0,1829.0,-219.0,2.063705917614381,5
374.0,1829.0,-207.39999999999998,2.06372856932388,5
374.0,1891.0,-253.79999999999998,2.063317796224087,5
374.0,1891.0,-242.2,2.0633400902709833,5
374.0,1891.0,-230.6,2.063360528336422,5
374.0,1891.0,-219.0,2.063378932413179,5
374.0,1891.0,-207.39999999999998,2.063395125553372,5
374.0,1953.0,-242.2,2.063045467536391,5
374.0,1953.0,-230.6,2.063060596633294,5
374.0,1953.0,-219.0,2.063074157654663,5
374.0,1953.0,-207.39999999999998,2.0630860486256752,5
374.0,1953.0,-195.8,2.0630961729875836,5
374.0,2015.0,-219.0,2.0628076412445244,5
374.0,2015.0,-207.39999999999998,2.062816641690422,5
374.0,2015.0,-195.8,2.0628243454986808,5
374.0,2015.0,-184.2,2.0628307022515378,5
374.0,2077.0,-207.39999999999998,2.062591807889508,5
374.0,2077.0,-195.8,2.0625979631763123,5
374.0,2077.0,-184.2,2.062603130228612,5
374.0,2077.0,-172.60000000000002,2.0626072839817784,5
374.0,2077.0,-161.0,2.0626104037755506,5
374.0,2139.0,-195.8,2.0624155095725034,5
374.0,2139.0,-184.2,2.0624200022503847,5
374.0,2139.0,-172.60000000000002,2.0624237353219437,5
374.0,2139.0,-161.0,2.0624266976685575,5
374.0,2139.0,-149.39999999999998,2.062428881232181,5
374.0,2201.0,-184.2,2.0622768822428297,5
374.0,2201.0,-172.60000000000002,2.06228047735652,5
374.0,2201.0,-161.0,2.0622834686292206,5
374.0,2201.0,-149.39999999999998,2.062285853075535,5
374.0,2201.0,-137.8,2.0622876298231874,5
374.0,2263.0,-172.60000000000002,2.0621722957176343,5
374.0,2263.0,-161.0,2.062175441689437,5
374.0,2263.0,-149.39999999999998,2.0621780797245344,5
374.0,2263.0,-137.8,2.0621802123612007,5
374.0,2263.0,-126.19999999999999,2.06218184360881,5
374.0,2325.0,-161.0,2.0620977453261102,5
374.0,2325.0,-149.39999999999998,2.0621006454628743,5
374.0,2325.0,-137.8,2.0621030873530013,5
374.0,2325.0,-126.19999999999999,2.062105078283107,5
374.0,2325.0,-114.60000000000002,2.0621066265526697,5
374.0,2387.0,-149.39999999999998,2.062049467560774,5
374.0,2387.0,-137.8,2.0620521259741817,5
374.0,2387.0,-126.19999999999999,2.0620543427104896,5
374.0,2387.0,-114.60000000000002,2.0620561300678366,5
374.0,2387.0,-103.0,2.062057500971637,5
374.0,2449.0,-137.8,2.0620240494661926,5
374.0,2449.0,-126.19999999999999,2.062026302523669,5
374.0,2449.0,-114.60000000000002,2.0620281102109197,5
374.0,2449.0,-103.0,2.0620294906074608,5
374.0,2449.0,-91.39999999999998,2.0620304620141465,5
374.0,2511.0,-137.8,2.0620161965726678,5
374.0,2511.0,-126.19999999999999,2.062018225007379,5
374.0,2511.0,-114.60000000000002,2.0620197723180778,5
374.0,2511.0,-103.0,2.0620208633688724,5
374.0,2511.0,-91.39999999999998,2.0620215228500336,5
374.0,2573.0,-126.19999999999999,2.062027570668652,5
374.0,2573.0,-114.60000000000002,2.0620285135203904,5
374.0,2573.0,-103.0,2.062028962469461,5
374.0,2573.0,-91.39999999999998,2.062028950078634,5
374.0,2573.0,-79.80000000000001,2.06202850810635,5
374.0,2635.0,-126.19999999999999,2.0620514776480627,5
374.0,2635.0,-114.60000000000002,2.0620514314653597,5
374.0,2635.0,-103.0,2.0620508544808698,5
374.0,2635.0,-91.39999999999998,2.0620497882843734,5
374.0,2635.0,-79.80000000000001,2.062048272979619,5
374.0,2697.0,-126.19999999999999,2.0620862479801194,5
374.0,2697.0,-114.60000000000002,2.06208484196809,5
374.0,2697.0,-103.0,2.062082877414103,5
374.0,2697.0,-91.39999999999998,2.0620804054724893,5
374.0,2697.0,-79.80000000000001,2.0620774749824182,5
374.0,2759.0,-126.19999999999999,2.062127001027328,5
374.0,2759.0,-114.60000000000002,2.062123962825181,5
374.0,2759.0,-103.0,2.062120352982915,5
374.0,2759.0,-91.39999999999998,2.0621162319063506,5
374.0,2759.0,-79.80000000000001,2.0621116567642277,5
374.0,2821.0,-126.19999999999999,2.06216769746848,5
374.0,2821.0,-114.60000000000002,2.062162951826486,5
374.0,2821.0,-103.0,2.0621576365667638,5
374.0,2821.0,-91.39999999999998,2.062151820120673,5
374.0,2821.0,-79.80000000000001,2.062145566770963,5
374.0,2883.0,-137.8,2.0622073097544784,5
374.0,2883.0,-126.19999999999999,2.0622016943610513,5
374.0,2883.0,-114.60000000000002,2.062195441814725,5
374.0,2883.0,-103.0,2.0621886315564053,5
374.0,2883.0,-91.39999999999998,2.062181338064558,5
374.0,2883.0,-79.80000000000001,2.062173630899222,5
374.0,2945.0,-149.39999999999998,2.062235378320589,5
374.0,2945.0,-137.8,2.062229457964468,5
374.0,2945.0,-126.19999999999999,2.0622228200041697,5
374.0,2945.0,-114.60000000000002,2.062215553577067,5
374.0,2945.0,-103.0,2.0622077422822764,5
374.0,2945.0,-91.39999999999998,2.0621994642164987,5
374.0,2945.0,-79.80000000000001,2.0621907920552305,5
374.0,2945.0,-68.19999999999999,2.0621817931719546,5
374.0,3007.0,-161.0,2.0622452789764454,5
374.0,3007.0,-149.39999999999998,2.0622398608577783,5
374.0,3007.0,-137.8,2.0622336320895505,5
374.0,3007.0,-126.19999999999999,2.0622266888618084,5
374.0,3007.0,-114.60000000000002,2.0622191216596875,5
374.0,3007.0,-103.0,2.0622110152569606,5
374.0,3007.0,-91.39999999999998,2.0622024487632795,5
374.0,3007.0,-79.80000000000001,2.062193495716982,5
374.0,3007.0,-68.19999999999999,2.06218422421581,5
374.0,3069.0,-149.39999999999998,2.0622239636731785,5
374.0,3069.0,-137.8,2.0622182191203553,5
374.0,3069.0,-126.19999999999999,2.0622117599969703,5
374.0,3069.0,-114.60000000000002,2.062204674654073,5
374.0,3069.0,-103.0,2.0621970459948513,5
374.0,3069.0,-91.39999999999998,2.0621889515041,5
374.0,3069.0,-79.80000000000001,2.0621804633230068,5
374.0,3069.0,-68.19999999999999,2.0621716483619164,5
418.0,31.0,-265.4,2.056990620369955,5
418.0,31.0,-253.79999999999998,2.0567739370388076,5
418.0,31.0,-242.2,2.0565556139047803,5
418.0,31.0,-230.6,2.0563367523607745,5
418.0,93.0,-253.79999999999998,2.057100528334919,5
418.0,93.0,-242.2,2.056902115802731,5
418.0,93.0,-230.6,2.0567036543788566,5
418.0,155.0,-242.2,2.057504535228495,5
418.0,155.0,-230.6,2.0573398608382805,5
418.0,217.0,-242.2,2.0582339692134695,5
418.0,217.0,-230.6,2.058107064594626,5
418.0,217.0,-219.0,2.0579819773644217,5
418.0,279.0,-230.6,2.0588806922034455,5
418.0,279.0,-219.0,2.0587901630612113,5
418.0,341.0,-230.6,2.0595805100061475,5
418.0,341.0,-219.0,2.0595177164214973,5
418.0,341.0,-207.39999999999998,2.059456859650547,5
418.0,403.0,-230.6,2.060171618409528,5
418.0,403.0,-219.0,2.060129391420134,5
418.0,403.0,-207.39999999999998,2.060088658118898,5
418.0,403.0,-195.8,2.0600496388601477,5
418.0,465.0,-230.6,2.0606511074798357,5
418.0,465.0,-219.0,2.0606233930805526,5
418.0,465.0,-207.39999999999998,2.0605967598094925,5
418.0,465.0,-195.8,2.0605713423199847,5
418.0,527.0,-230.6,2.0610334758626334,5
418.0,527.0,-219.0,2.061015720844057,5
418.0,527.0,-207.39999999999998,2.060998696511834,5
418.0,527.0,-195.8,2.060982483334965,5
418.0,589.0,-230.6,2.0613402259298392,5
418.0,589.0,-219.0,2.0613292475402414,5
418.0,589.0,-207.39999999999998,2.061318712090053,5
418.0,589.0,-195.8,2.061308666256209,5
418.0,651.0,-230.6,2.0615940382951714,5
418.0,651.0,-219.0,2.061587736374054,5
418.0,651.0,-207.39999999999998,2.061581637196055,5
418.0,713.0,-242.2,2.061819088299981,5
418.0,713.0,-230.6,2.0618161892748104,5
418.0,713.0,-219.0,2.061813268170645,5
418.0,713.0,-207.39999999999998,2.0618103355787727,5
418.0,775.0,-242.2,2.062025809426015,5
418.0,775.0,-230.6,2.0620257887023743,5
418.0,775.0,-219.0,2.0620255455231966,5
418.0,775.0,-207.39999999999998,2.062025078554089,5
418.0,837.0,-253.79999999999998,2.0622340896327986,5
418.0,837.0,-242.2,2.0622371540355413,5
418.0,837.0,-230.6,2.0622397868497044,5
418.0,837.0,-219.0,2.0622419731564823,5
418.0,899.0,-253.79999999999998,2.062461401183659,5
418.0,899.0,-242.2,2.0624675542278177,5
418.0,899.0,-230.6,2.0624730195831384,5
418.0,899.0,-219.0,2.062477766014244,5
418.0,961.0,-265.4,2.0627081561365443,5
418.0,961.0,-253.79999999999998,2.0627189706711677,5
418.0,961.0,-242.2,2.062728833502815,5
418.0,961.0,-230.6,2.062737686218602,5
418.0,1023.0,-265.4,2.062997938546791,5
418.0,1023.0,-253.79999999999998,2.0630138291998104,5
418.0,1023.0,-242.2,2.063028402810438,5
418.0,1023.0,-230.6,2.063041561658333,5
418.0,1085.0,-265.4,2.0633223522395676,5
418.0,1085.0,-253.79999999999998,2.0633446717356554,5
418.0,1085.0,-242.2,2.0633652564466805,5
418.0,1147.0,-253.79999999999998,2.0636946111511625,5
418.0,1147.0,-242.2,2.063722489968719,5
418.0,1209.0,-253.79999999999998,2.064019990040973,5
418.0,1209.0,-242.2,2.064055489453093,5
418.0,1271.0,-253.79999999999998,2.0642389163209924,5
418.0,1271.0,-242.2,2.0642791650638594,5
418.0,1333.0,-253.79999999999998,2.0642393128968246,5
418.0,1333.0,-242.2,2.06427445241642,5
418.0,1333.0,-230.6,2.0643104435548194,5
418.0,1395.0,-253.79999999999998,2.0639600453693125,5
418.0,1395.0,-242.2,2.0639722941756617,5
418.0,1395.0,-230.6,2.063992081293258,5
418.0,1395.0,-219.0,2.0640204079049522,5
418.0,1457.0,-253.79999999999998,2.0635734513846256,5
418.0,1457.0,-242.2,2.0635532532966434,5
418.0,1457.0,-230.6,2.063549742953911,5
418.0,1457.0,-219.0,2.0635673363561873,5
418.0,1457.0,-207.39999999999998,2.0636088461740054,5
418.0,1519.0,-242.2,2.0634563843974303,5
418.0,1519.0,-230.6,2.0634474239950014,5
418.0,1519.0,-219.0,2.063462953410072,5
418.0,1519.0,-207.39999999999998,2.0635068292493655,5
418.0,1581.0,-253.79999999999998,2.063803633134121,5
418.0,1581.0,-242.2,2.063803080693141,5
418.0,1581.0,-230.6,2.063813652064106,5
418.0,1581.0,-219.0,2.063837519148155,5
418.0,1643.0,-253.79999999999998,2.0641643851987808,5
418.0,1643.0,-242.2,2.064193243863073,5
418.0,1643.0,-230.6,2.0642250155018624,5
418.0,1705.0,-253.79999999999998,2.0642750548891797,5
418.0,1705.0,-242.2,2.0643154516316646,5
418.0,1767.0,-253.79999999999998,2.0641302068666176,5
418.0,1767.0,-242.2,2.064168829788477,5
418.0,1829.0,-242.2,2.0638706984702755,5
418.0,1829.0,-230.6,2.063899973376357,5
418.0,1891.0,-242.2,2.0635235309407456,5
418.0,1891.0,-230.6,2.0635459733381243,5
418.0,1953.0,-242.2,2.0631878249368913,5
418.0,1953.0,-230.6,2.0632047043399204,5
418.0,1953.0,-219.0,2.0632198019929526,5
418.0,2015.0,-242.2,2.062891655145779,5
418.0,2015.0,-230.6,2.062904443467437,5
418.0,2015.0,-219.0,2.062915900992022,5
418.0,2015.0,-207.39999999999998,2.0629259607647787,5
418.0,2077.0,-230.6,2.0626540081101936,5
418.0,2077.0,-219.0,2.0626630045914793,5
418.0,2077.0,-207.39999999999998,2.062670964364391,5
418.0,2077.0,-195.8,2.0626778510446284,5
418.0,2139.0,-219.0,2.0624600117359773,5
418.0,2139.0,-207.39999999999998,2.062466691298536,5
418.0,2139.0,-195.8,2.062472558540263,5
418.0,2139.0,-184.2,2.0624775950319005,5
418.0,2201.0,-207.39999999999998,2.062307917828379,5
418.0,2201.0,-195.8,2.0623132912930804,5
418.0,2201.0,-184.2,2.062318005173828,5
418.0,2201.0,-172.60000000000002,2.0623220520082914,5
418.0,2201.0,-161.0,2.0623254265905366,5
418.0,2263.0,-195.8,2.0621938608990082,5
418.0,2263.0,-184.2,2.062198556480817,5
418.0,2263.0,-172.60000000000002,2.062202682231156,5
418.0,2263.0,-161.0,2.0622062383191015,5
418.0,2263.0,-149.39999999999998,2.0622092265717002,5
418.0,2325.0,-184.2,2.0621136190339167,5
418.0,2325.0,-172.60000000000002,2.0621179537439973,5
418.0,2325.0,-161.0,2.062121757232274,5
418.0,2325.0,-149.39999999999998,2.0621250362612313,5
418.0,2325.0,-137.8,2.0621277988067828,5
418.0,2387.0,-172.60000000000002,2.0620633607330925,5
418.0,2387.0,-161.0,2.0620673873349338,5
418.0,2387.0,-149.39999999999998,2.0620708831028787,5
418.0,2387.0,-137.8,2.0620738617828733,5
418.0,2449.0,-172.60000000000002,2.06203562992904,5
418.0,2449.0,-161.0,2.0620397425242114,5
418.0,2449.0,-149.39999999999998,2.062043279193629,5
418.0,2449.0,-137.8,2.062046261381779,5
418.0,2449.0,-126.19999999999999,2.0620487110017724,5
418.0,2511.0,-161.0,2.0620363145765697,5
418.0,2511.0,-149.39999999999998,2.0620395917693335,5
418.0,2511.0,-137.8,2.062042251268289,5
418.0,2511.0,-126.19999999999999,2.062044324686356,5
418.0,2511.0,-114.60000000000002,2.0620458434830313,5
418.0,2573.0,-161.0,2.0620548785521033,5
418.0,2573.0,-149.39999999999998,2.0620574633252033,5
418.0,2573.0,-137.8,2.062059353416425,5
418.0,2573.0,-126.19999999999999,2.06206059264061,5
418.0,2573.0,-114.60000000000002,2.0620612239516625,5
418.0,2635.0,-161.0,2.0620926977729765,5
418.0,2635.0,-149.39999999999998,2.0620940484924923,5
418.0,2635.0,-137.8,2.062094627476447,5
418.0,2635.0,-126.19999999999999,2.062094492961363,5
418.0,2635.0,-114.60000000000002,2.062093701326007,5
418.0,2697.0,-161.0,2.0621456512829783,5
418.0,2697.0,-149.39999999999998,2.06214519170635,5
418.0,2697.0,-137.8,2.062143897363317,5
418.0,2697.0,-126.19999999999999,2.062141842262318,5
418.0,2697.0,-114.60000000000002,2.062139097251235,5
418.0,2759.0,-161.0,2.062207530364035,5
418.0,2759.0,-149.39999999999998,2.0622047823161362,5
418.0,2759.0,-137.8,2.062201161496576,5
418.0,2759.0,-126.19999999999999,2.0621967576012192,5
418.0,2759.0,-114.60000000000002,2.062191655632408,5
418.0,2821.0,-161.0,2.0622698766873033,5
418.0,2821.0,-149.39999999999998,2.062264633285947,5
418.0,2821.0,-137.8,2.062258507435089,5
418.0,2821.0,-126.19999999999999,2.06225160272242,5
418.0,2821.0,-114.60000000000002,2.0622440164602795,5
418.0,2883.0,-172.60000000000002,2.062329259834149,5
418.0,2883.0,-161.0,2.062322735863454,5
418.0,2883.0,-149.39999999999998,2.0623152189664826,5
418.0,2883.0,-137.8,2.062306831013071,5
418.0,2883.0,-126.19999999999999,2.0622976861805613,5
418.0,2883.0,-114.60000000000002,2.0622878909951834,5
418.0,2945.0,-161.0,2.062356432759498,5
418.0,2945.0,-149.39999999999998,2.0623473513456982,5
418.0,2945.0,-137.8,2.0623374159546612,5
418.0,2945.0,-126.19999999999999,2.0623267471273916,5
418.0,2945.0,-114.60000000000002,2.062315456839846,5
418.0,3007.0,-161.0,2.062363935751428,5
418.0,3007.0,-149.39999999999998,2.0623543802795394,5
418.0,3007.0,-137.8,2.0623439785004747,5
418.0,3007.0,-126.19999999999999,2.062332852747757,5
418.0,3007.0,-114.60000000000002,2.062321116516538,5
418.0,3007.0,-103.0,2.0623088746699367,5
418.0,3069.0,-161.0,2.0623428562040083,5
418.0,3069.0,-149.39999999999998,2.062334039191377,5
418.0,3069.0,-137.8,2.0623243690174924,5
418.0,3069.0,-126.19999999999999,2.06231396518339,5
418.0,3069.0,-114.60000000000002,2.0623029387722065,5
462.0,31.0,-277.0,2.0565252575627846,5
462.0,31.0,-265.4,2.056249027550817,5
462.0,31.0,-253.79999999999998,2.0559667815808145,5
462.0,31.0,-242.2,2.0556796931370145,5
462.0,31.0,-230.6,2.055389141294433,5
462.0,31.0,-219.0,2.055096718581412,5
462.0,93.0,-265.4,2.0566430014495447,5
462.0,93.0,-253.79999999999998,2.05638934959808,5
462.0,93.0,-242.2,2.0561321179009404,5
462.0,93.0,-230.6,2.0558725794240367,5
462.0,93.0,-219.0,2.0556121854584393,5
462.0,155.0,-253.79999999999998,2.057112962887265,5
462.0,155.0,-242.2,2.0569040062067185,5
462.0,155.0,-230.6,2.056694304272952,5
462.0,155.0,-219.0,2.056485055954815,5
462.0,217.0,-242.2,2.0578127424169472,5
462.0,217.0,-230.6,2.057656399753195,5
462.0,217.0,-219.0,2.0575014304640367,5
462.0,217.0,-207.39999999999998,2.057348805326339,5
462.0,279.0,-242.2,2.0587042059642315,5
462.0,279.0,-230.6,2.0585943667947126,5
462.0,279.0,-219.0,2.0584862404910917,5
462.0,279.0,-207.39999999999998,2.0583804853548244,5
462.0,341.0,-242.2,2.0594884976930032,5
462.0,341.0,-230.6,2.0594144748607563,5
462.0,341.0,-219.0,2.0593420785429286,5
462.0,341.0,-207.39999999999998,2.059271729634281,5
462.0,341.0,-195.8,2.059203860829869,5
462.0,403.0,-242.2,2.0601339455002217,5
462.0,403.0,-230.6,2.06008548466475,5
462.0,403.0,-219.0,2.0600383595498464,5
462.0,403.0,-207.39999999999998,2.0599928287247824,5
462.0,403.0,-195.8,2.059949154207758,5
462.0,465.0,-242.2,2.060645632798867,5
462.0,465.0,-230.6,2.0606146075891134,5
462.0,465.0,-219.0,2.0605845771365185,5
462.0,465.0,-207.39999999999998,2.0605556960794247,5
462.0,527.0,-242.2,2.061046044304744,5
462.0,527.0,-230.6,2.0610266428212576,5
462.0,527.0,-219.0,2.061007919057255,5
462.0,527.0,-207.39999999999998,2.060989963487502,5
462.0,589.0,-242.2,2.0613629443621226,5
462.0,589.0,-230.6,2.0613512712755595,5
462.0,589.0,-219.0,2.0613400037359098,5
462.0,651.0,-253.79999999999998,2.061630016514978,5
462.0,651.0,-242.2,2.0616234520022556,5
462.0,651.0,-230.6,2.0616170324655796,5
462.0,651.0,-219.0,2.0616107848397833,5
462.0,713.0,-253.79999999999998,2.0618545182588535,5
462.0,713.0,-242.2,2.061851938687595,5
462.0,713.0,-230.6,2.061849307577134,5
462.0,713.0,-219.0,2.0618466350710896,5
462.0,775.0,-265.4,2.0620682437064954,5
462.0,775.0,-253.79999999999998,2.062069164236565,5
462.0,775.0,-242.2,2.0620698349216604,5
462.0,775.0,-230.6,2.062070251442144,5
462.0,837.0,-265.4,2.062288139347547,5
462.0,837.0,-253.79999999999998,2.062292367474823,5
462.0,837.0,-242.2,2.062296129176751,5
462.0,837.0,-230.6,2.062299405495149,5
462.0,899.0,-265.4,2.062532680643704,5
462.0,899.0,-253.79999999999998,2.0625406041832868,5
462.0,899.0,-242.2,2.062547795298684,5
462.0,961.0,-253.79999999999998,2.0628280784530713,5
462.0,961.0,-242.2,2.062839521079444,5
462.0,1023.0,-253.79999999999998,2.0631649164311834,5
462.0,1085.0,-253.79999999999998,2.063552562305452,5
462.0,1519.0,-219.0,2.0621165950819913,5
462.0,2015.0,-230.6,2.0630249911452285,5
462.0,2077.0,-230.6,2.062737638831731,5
462.0,2077.0,-219.0,2.062747830468884,5
462.0,2139.0,-219.0,2.062518377038429,5
462.0,2139.0,-207.39999999999998,2.06252589670419,5
462.0,2201.0,-219.0,2.0623419669022804,5
462.0,2201.0,-207.39999999999998,2.0623487281377826,5
462.0,2201.0,-195.8,2.06235476894225,5
462.0,2263.0,-219.0,2.0622106983493156,5
462.0,2263.0,-207.39999999999998,2.0622172502682776,5
462.0,2263.0,-195.8,2.0622231715191375,5
462.0,2263.0,-184.2,2.0622284592688835,5
462.0,2325.0,-207.39999999999998,2.062124762711069,5
462.0,2325.0,-195.8,2.0621308635940574,5
462.0,2325.0,-184.2,2.062136354289398,5
462.0,2325.0,-172.60000000000002,2.062141240618042,5
462.0,2387.0,-207.39999999999998,2.06206644738479,5
462.0,2387.0,-195.8,2.062072867300507,5
462.0,2387.0,-184.2,2.0620786388270775,5
462.0,2387.0,-172.60000000000002,2.062083775915705,5
462.0,2387.0,-161.0,2.0620882937131295,5
462.0,2449.0,-195.8,2.0620459973010874,5
462.0,2449.0,-184.2,2.062051955036366,5
462.0,2449.0,-172.60000000000002,2.0620571988102414,5
462.0,2449.0,-161.0,2.062061754255695,5
462.0,2449.0,-149.39999999999998,2.062065647725066,5
462.0,2511.0,-195.8,2.0620483948812502,5
462.0,2511.0,-184.2,2.0620542366208117,5
462.0,2511.0,-172.60000000000002,2.0620592463814127,5
462.0,2511.0,-161.0,2.062063463922782,5
462.0,2511.0,-149.39999999999998,2.0620669291879863,5
462.0,2573.0,-184.2,2.0620838969953654,5
462.0,2573.0,-172.60000000000002,2.0620881115331797,5
462.0,2573.0,-161.0,2.06209141005252,5
462.0,2573.0,-149.39999999999998,2.0620938500539987,5
462.0,2573.0,-137.8,2.0620954880245574,5
462.0,2635.0,-184.2,2.062138688676001,5
462.0,2635.0,-172.60000000000002,2.062141341808514,5
462.0,2635.0,-161.0,2.0621429545942025,5
462.0,2635.0,-149.39999999999998,2.062143605889332,5
462.0,2635.0,-137.8,2.0621433720820024,5
462.0,2697.0,-172.60000000000002,2.062214546907906,5
462.0,2697.0,-161.0,2.0622136157502626,5
462.0,2697.0,-149.39999999999998,2.0622116445688587,5
462.0,2697.0,-137.8,2.0622087316929765,5
462.0,2759.0,-161.0,2.0622959961877885,5
462.0,2759.0,-149.39999999999998,2.0622906863999635,5
462.0,2821.0,-161.0,2.0623793873888756,5
462.0,2821.0,-149.39999999999998,2.062370401916558,5
506.0,31.0,-311.79999999999995,2.0568627541872377,5
506.0,31.0,-300.2,2.0565521670930638,5
506.0,31.0,-288.6,2.056227832160142,5
506.0,31.0,-277.0,2.0558901893561594,5
506.0,31.0,-265.4,2.0555399059186046,5
506.0,31.0,-253.79999999999998,2.055177908606355,5
506.0,31.0,-242.2,2.0548054163013463,5
506.0,31.0,-230.6,2.0544239717462323,5
506.0,31.0,-219.0,2.0540354708556605,5
506.0,31.0,-207.39999999999998,2.0536421876733635,5
506.0,93.0,-288.6,2.0566482902703096,5
506.0,93.0,-277.0,2.056347357092036,5
506.0,93.0,-265.4,2.0560363662088683,5
506.0,93.0,-253.79999999999998,2.0557162649895537,5
506.0,93.0,-242.2,2.0553882512905486,5
506.0,93.0,-230.6,2.055053795892488,5
506.0,93.0,-219.0,2.0547146619371395,5
506.0,93.0,-207.39999999999998,2.0543729197869345,5
506.0,155.0,-277.0,2.0571211438797294,5
506.0,155.0,-265.4,2.056872541580281,5
506.0,155.0,-253.79999999999998,2.056618427001848,5
506.0,155.0,-242.2,2.0563598846544373,5
506.0,155.0,-230.6,2.056098192482834,5
506.0,155.0,-219.0,2.055834829333058,5
506.0,155.0,-207.39999999999998,2.055571478320859,5
506.0,217.0,-253.79999999999998,2.0576535532787927,5
506.0,217.0,-242.2,2.057466503507429,5
506.0,217.0,-230.6,2.05727881373852,5
506.0,217.0,-219.0,2.057091589587317,5
506.0,217.0,-207.39999999999998,2.0569060503454972,5
506.0,217.0,-195.8,2.05672352262291,5
506.0,279.0,-253.79999999999998,2.0586402944145563,5
506.0,279.0,-242.2,2.058512894592696,5
506.0,279.0,-230.6,2.0583861698912713,5
506.0,279.0,-219.0,2.058260870049574,5
506.0,279.0,-207.39999999999998,2.058137799365354,5
506.0,279.0,-195.8,2.05801781045041,5
506.0,341.0,-253.79999999999998,2.0594843136378223,5
506.0,341.0,-242.2,2.059400949652534,5
506.0,341.0,-230.6,2.0593186890347535,5
506.0,341.0,-219.0,2.0592380059986657,5
506.0,341.0,-207.39999999999998,2.059159397774547,5
506.0,403.0,-253.79999999999998,2.0601614016722545,5
506.0,403.0,-242.2,2.0601082817820324,5
506.0,403.0,-230.6,2.060056226768097,5
506.0,403.0,-219.0,2.060005523359973,5
506.0,403.0,-207.39999999999998,2.0599564667169226,5
506.0,465.0,-253.79999999999998,2.0606866461573516,5
506.0,465.0,-242.2,2.0606534788094395,5
506.0,465.0,-230.6,2.060621157120621,5
506.0,465.0,-219.0,2.060589849547517,5
506.0,527.0,-253.79999999999998,2.061090815911967,5
506.0,527.0,-242.2,2.061070585345404,5
506.0,527.0,-230.6,2.0610509435411317,5
506.0,527.0,-219.0,2.0610319872233873,5
506.0,589.0,-265.4,2.061419478931704,5
506.0,589.0,-253.79999999999998,2.061407374620597,5
506.0,589.0,-242.2,2.0613955643851485,5
506.0,589.0,-230.6,2.0613841015904297,5
506.0,651.0,-265.4,2.061673320657667,5
506.0,651.0,-253.79999999999998,2.061667063682946,5
506.0,651.0,-242.2,2.061660909552862,5
506.0,651.0,-230.6,2.061654885171787,5
506.0,713.0,-265.4,2.061898575239922,5
506.0,713.0,-253.79999999999998,2.0618965974352066,5
506.0,713.0,-242.2,2.0618945345171955,5
506.0,775.0,-265.4,2.0621175862712553,5
506.0,775.0,-253.79999999999998,2.062119179842818,5
506.0,775.0,-242.2,2.0621204879976043,5
506.0,837.0,-253.79999999999998,2.0623555763550474,5
506.0,899.0,-253.79999999999998,2.0626250396097494,5
506.0,2201.0,-219.0,2.0623812324720205,5
506.0,2263.0,-207.39999999999998,2.0622446544436523,5
506.0,2325.0,-207.39999999999998,2.0621448690413438,5
506.0,2325.0,-195.8,2.0621517134916005,5
506.0,2387.0,-195.8,2.062091046213103,5
506.0,2387.0,-184.2,2.0620975148340874,5
506.0,2449.0,-195.8,2.0620659700823287,5
506.0,2449.0,-184.2,2.062072601445271,5
506.0,2511.0,-184.2,2.062081380215529,5
506.0,2511.0,-172.60000000000002,2.0620867891253813,5
506.0,2573.0,-184.2,2.0621228439406614,5
506.0,2573.0,-172.60000000000002,2.0621270761708113,5
506.0,2635.0,-172.60000000000002,2.062197233303918,5
550.0,31.0,-300.2,2.056202569590191,5
550.0,31.0,-288.6,2.0558131528182364,5
550.0,31.0,-277.0,2.0554025685349115,5
550.0,31.0,-265.4,2.054970961582645,5
550.0,31.0,-253.79999999999998,2.0545188000780925,5
550.0,31.0,-242.2,2.054046940430444,5
550.0,31.0,-230.6,2.053556697392135,5
550.0,31.0,-219.0,2.053049917342548,5
550.0,31.0,-207.39999999999998,2.05252905208138,5
550.0,31.0,-195.8,2.051997229326365,5
550.0,93.0,-300.2,2.0566581899762357,5
550.0,93.0,-288.6,2.056315046277051,5
550.0,93.0,-277.0,2.055955070246462,5
550.0,93.0,-265.4,2.055578662666733,5
550.0,93.0,-253.79999999999998,2.0551865168246812,5
550.0,93.0,-242.2,2.0547796676340058,5
550.0,93.0,-230.6,2.054359542544288,5
550.0,93.0,-219.0,2.0539280123804633,5
550.0,93.0,-207.39999999999998,2.0534874395818097,5
550.0,93.0,-195.8,2.0530407205767656,5
550.0,155.0,-288.6,2.0571514430165876,5
550.0,155.0,-277.0,2.0568698655244306,5
550.0,155.0,-265.4,2.0565780675599026,5
550.0,155.0,-253.79999999999998,2.05627689922913,5
550.0,155.0,-242.2,2.0559674634418683,5
550.0,155.0,-230.6,2.0556511417314196,5
550.0,155.0,-219.0,2.055329617371769,5
550.0,155.0,-207.39999999999998,2.0550048940204215,5
550.0,155.0,-195.8,2.0546793078256766,5
550.0,155.0,-184.2,2.054355530710671,5
550.0,217.0,-277.0,2.05790211443623,5
550.0,217.0,-265.4,2.057695165634842,5
550.0,217.0,-253.79999999999998,2.057483879042513,5
550.0,217.0,-242.2,2.0572692062854716,5
550.0,217.0,-230.6,2.0570522632491004,5
550.0,217.0,-219.0,2.0568343353455267,5
550.0,217.0,-207.39999999999998,2.056616879015716,5
550.0,217.0,-195.8,2.0564015185568967,5
550.0,279.0,-265.4,2.0587302706317674,5
550.0,279.0,-253.79999999999998,2.0585907654966085,5
550.0,279.0,-242.2,2.0584505596994216,5
550.0,279.0,-230.6,2.0583104327545816,5
550.0,279.0,-219.0,2.0581712460433454,5
550.0,279.0,-207.39999999999998,2.0580339389794426,5
550.0,341.0,-265.4,2.0595920403881793,5
550.0,341.0,-253.79999999999998,2.0595033715474176,5
550.0,341.0,-242.2,2.0594151204010953,5
550.0,341.0,-230.6,2.0593277822232987,5
550.0,341.0,-219.0,2.0592418875489558,5
550.0,403.0,-265.4,2.060267154357667,5
550.0,403.0,-253.79999999999998,2.0602121369120963,5
550.0,403.0,-242.2,2.060157828624436,5
550.0,403.0,-230.6,2.0601045267992717,5
550.0,403.0,-219.0,2.0600525424973655,5
550.0,465.0,-265.4,2.0607808949399575,5
550.0,465.0,-253.79999999999998,2.0607473915676344,5
550.0,465.0,-242.2,2.060714537103667,5
550.0,465.0,-230.6,2.0606825040487555,5
550.0,527.0,-265.4,2.0611709307036987,5
550.0,527.0,-253.79999999999998,2.0611510247879834,5
550.0,527.0,-242.2,2.061131590970189,5
550.0,589.0,-265.4,2.061474654729267,5
550.0,589.0,-253.79999999999998,2.061463438481797,5
550.0,589.0,-242.2,2.061452495710188,5
550.0,651.0,-265.4,2.0617248391677006,5
550.0,651.0,-253.79999999999998,2.0617194176414224,5
550.0,713.0,-253.79999999999998,2.0619481174705525,5
594.0,31.0,-288.6,2.055690612864057,5
594.0,31.0,-277.0,2.0552152771579766,5
594.0,31.0,-265.4,2.05470786874394,5
594.0,31.0,-253.79999999999998,2.05416766305253,5
594.0,31.0,-242.2,2.053594336591019,5
594.0,31.0,-230.6,2.0529880900321573,5
594.0,31.0,-219.0,2.0523497910691617,5
594.0,31.0,-207.39999999999998,2.0516811360266387,5
594.0,31.0,-195.8,2.050984827048111,5
594.0,31.0,-184.2,2.050264758721219,5
594.0,31.0,-172.60000000000002,2.049526204253866,5
594.0,93.0,-277.0,2.0558503807231423,5
594.0,93.0,-265.4,2.0554168999140474,5
594.0,93.0,-253.79999999999998,2.054958939040112,5
594.0,93.0,-242.2,2.0544768684174484,5
594.0,93.0,-230.6,2.053971546234902,5
594.0,93.0,-219.0,2.0534444217060575,5
594.0,93.0,-207.39999999999998,2.052897645397955,5
594.0,93.0,-195.8,2.0523341824683254,5
594.0,93.0,-184.2,2.0517579224299296,5
594.0,93.0,-172.60000000000002,2.0511737766588976,5
594.0,155.0,-277.0,2.0568762467109067,5
594.0,155.0,-265.4,2.0565516457625375,5
594.0,155.0,-253.79999999999998,2.0562129932758304,5
594.0,155.0,-242.2,2.0558611947180823,5
594.0,155.0,-230.6,2.055497519511032,5
594.0,155.0,-219.0,2.055123650623296,5
594.0,155.0,-207.39999999999998,2.0547417317607333,5
594.0,155.0,-195.8,2.0543544087626264,5
594.0,155.0,-184.2,2.0539648609970644,5
594.0,217.0,-277.0,2.0579953321946474,5
594.0,217.0,-265.4,2.057774218821572,5
594.0,217.0,-253.79999999999998,2.0575467493025354,5
594.0,217.0,-242.2,2.057313869236414,5
594.0,217.0,-230.6,2.0570767374010184,5
594.0,217.0,-219.0,2.0568367400406413,5
594.0,217.0,-207.39999999999998,2.0565955009181316,5
594.0,279.0,-265.4,2.0588641247511554,5
594.0,279.0,-253.79999999999998,2.0587202150446453,5
594.0,279.0,-242.2,2.058574878485288,5
594.0,279.0,-230.6,2.0584289411997054,5
594.0,279.0,-219.0,2.058283334285083,5
594.0,341.0,-265.4,2.0597396736038136,5
594.0,341.0,-253.79999999999998,2.059651717197844,5
594.0,341.0,-242.2,2.0595639315137486,5
594.0,341.0,-230.6,2.0594768338678997,5
594.0,403.0,-265.4,2.0604049669622784,5
594.0,403.0,-253.79999999999998,2.0603522873731235,5
594.0,403.0,-242.2,2.060300222785158,5
594.0,403.0,-230.6,2.0602490759677785,5
594.0,465.0,-265.4,2.0608991980907425,5
594.0,465.0,-253.79999999999998,2.0608681615443563,5
594.0,465.0,-242.2,2.060837723794684,5
594.0,527.0,-253.79999999999998,2.0612506035649685,5
594.0,589.0,-253.79999999999998,2.0615446800682578,5
638.0,31.0,-253.79999999999998,2.0543750493565582,5
638.0,31.0,-242.2,2.053726936784668,5
638.0,31.0,-230.6,2.0530271179323116,5
638.0,31.0,-219.0,2.0522737550694177,5
638.0,31.0,-207.39999999999998,2.051465799835506,5
638.0,31.0,-195.8,2.05060332056975,5
638.0,31.0,-184.2,2.049687900636814,5
638.0,31.0,-172.60000000000002,2.048723105513075,5
638.0,31.0,-161.0,2.047715005097666,5
638.0,31.0,-149.39999999999998,2.04667272134353,5
638.0,93.0,-253.79999999999998,2.0552428000310825,5
638.0,93.0,-242.2,2.054713264731385,5
638.0,93.0,-230.6,2.0541485254710072,5
638.0,93.0,-219.0,2.0535486963523275,5
638.0,93.0,-207.39999999999998,2.0529147129375622,5
638.0,93.0,-195.8,2.052248559060675,5
638.0,93.0,-184.2,2.051553519263127,5
638.0,93.0,-172.60000000000002,2.0508344460290986,5
638.0,93.0,-161.0,2.0500980232050408,5
638.0,155.0,-253.79999999999998,2.0565739938636662,5
638.0,155.0,-242.2,2.056204907646202,5
638.0,155.0,-230.6,2.055818677460366,5
638.0,155.0,-219.0,2.0554166529962252,5
638.0,155.0,-207.39999999999998,2.0550007709044364,5
638.0,155.0,-195.8,2.054573644076851,5
638.0,217.0,-253.79999999999998,2.0579315846050386,5
638.0,217.0,-242.2,2.0576993110131707,5
638.0,217.0,-230.6,2.0574609773443435,5
638.0,217.0,-219.0,2.057217937440133,5
638.0,279.0,-253.79999999999998,2.059076875078009,5
638.0,279.0,-242.2,2.058938723995628,5
638.0,279.0,-230.6,2.0587994178881432,5
638.0,341.0,-253.79999999999998,2.059952932010574,5
638.0,341.0,-242.2,2.059873047892995,5
638.0,403.0,-253.79999999999998,2.060592268412022,5
638.0,465.0,-253.79999999999998,2.061052876814988,5
682.0,31.0,-230.6,2.0540697381474784,5
682.0,31.0,-219.0,2.053282270428283,5
682.0,31.0,-207.39999999999998,2.052413726783392,5
682.0,31.0,-195.8,2.051458002616189,5
682.0,31.0,-184.2,2.050409870238018,5
682.0,31.0,-172.60000000000002,2.0492657516686776,5
682.0,93.0,-242.2,2.055746258065206,5
682.0,93.0,-230.6,2.055190568338886,5
682.0,93.0,-219.0,2.0545883018905737,5
682.0,93.0,-207.39999999999998,2.0539379784740017,5
682.0,93.0,-195.8,2.053239096393096,5
682.0,93.0,-184.2,2.0524925610786413,5
682.0,155.0,-242.2,2.0571527611546183,5
682.0,155.0,-230.6,2.0567926073773397,5
682.0,155.0,-219.0,2.0564128269121165,5
682.0,155.0,-207.39999999999998,2.0560147418951984,5
682.0,217.0,-242.2,2.0585009244133974,5
682.0,217.0,-230.6,2.0582911513445326,5
682.0,279.0,-242.2,2.0595723821231564,5
726.0,31.0,-207.39999999999998,2.0550795737519554,5
726.0,93.0,-219.0,2.05683823623294,5
